filename,document_id,classification,category,word_count,page_count,dates,project_names,persons,organizations,locations
CIA-RDP79-00999A000200010001-4.txt,,,experiment_results,129201,258,14/01/09,,"IP Yu|STEM|David Davies|Gillian Boucher|John Gribbin

- John Hall
Eleanor Lawrence|Mary Lindley|Peter Milford|Peter Newinark|Colin Norman|Sally Owen
Allan","CIA|XN|UK 35p USA SHO|Macmillan Journals Limited|Fig|INCREASED

ELECTRON EFFICIENCY|OPTICS|Philips Industries|Electron Optics Department|Eindhoven - The Netherlands",Diamond|Washington|London|the United States|Richniond|Virginia|USA|Richmond|US|Canada
CIA-RDP79-00999A000200010002-3.txt,,,experiment_results,5906,11,14/01/09,,Uri Geller|Harold E. Puthoff|Pat Price|SE|Geller|Re Np:|ONS Aen|Descriptions Chosen|Approved|Grass,"CIA|COMMUNICA|Stanford
Research Institute|Nature|Society|EEG|the Electronics and Bioengineering|Stanford Research Institute|SRI|Geller’s","Menlo Park|California|Burbank|Calif.|West
|Virginia|H.H.|P<0.04|New York City|New York"
CIA-RDP79-00999A000200010005-0.txt,,,other,1821,3,14/01/09,,"f O.

ROOM|John Mihalasky|Mihalasky|Oleg Moiseenko '67|Joseph M. Anderson|William Hazell|Tiernan|Robert A. Comparin|Leonard Salzarulo|Comparin","Release 2014/01/09 :|CIA|the Industrial Engineering Department|the PSI Communications Project|Executive|Association|NCE|Phys|Ilikai
Hotel|NEWSLETTER",Pspecial|Oleg|Hawaii|Honolulu|New Jersey|VPI|Dyric|London|Portugal|Algeria
CIA-RDP79-00999A000200010006-9.txt,,,experiment_results,5030,10,14/01/09,,"Mr Uri Geller|Pat Price|Geller|Uri Geller|Places|ABDE E

B A Cc SOLE

Rinconada Park CE|Grass|H. H.|Siegel|Mrs Judith
Skutch",CIA|EEG|Geller|ref|Tarnat|Arnau|Geller’s|Experiments|SRI’s|Fig,11~13|Shielded|8/7/73 Shielded|Building|California|dacammn|H.H.|P<0.04|New York City|Menlo Park
CIA-RDP79-00999A000200010007-8.txt,,,research_report,1623,3,14/01/09,,"Russell Targ|Wheeler|Psychic|Riemann|Kruskal|L*/L~|e. abeut|Spin 2|streng|Kies CCF
THE INTERACTION OF BIOPLASMIC","UNITED NATIONS EDUCA|CIA|3wL CENTRE FOR THR RETICAL PHYSICS|Stanferd Research Institute|Califernia

Dear Russell|Quantim Fluet|Kerr|Feynman|Gove e &
WW|L",NS|di.e|S percent
CIA-RDP79-00999A000200010008-7.txt,,,experiment_results,9898,19,14/01/09,,"b/|Harold Puthoff
Electronics|Uri Geller|c. Computer|Ingo Swann|Pat Price|Geller|Swann|Price|Grass",Release 2014/01/09 :|CIA|wrestin|InmuLed|Stanford Research Institute|a. Computer|Occipital EEG|EEG|Musso|Granero,Menlo Park|California|H.H.|Faraday|i.é.|New York|New York City|London|Hampshire|England
CIA-RDP79-00999A000200010009-6.txt,,UNCLASSIFIED,experiment_results,11292,22,14/01/09,,"Saad Declassified|Murphy|Survival|C. T. K. Chari|Max Born|Heisenberg|Approved|ethene


--- Page|Hilbert Space|appro- cor","CIA|Psychical Research

Physiological|PROBLEM|Journat|Evidence|Clairvoyant Processes|Quantum Theory|AE|the American Society for Psychical Research|I. J. Good’s",Bastin|pp|Bohr|Ballentine|Jauch|Wigner|AE
CIA-RDP79-00999A000200010010-4.txt,,,correspondence,54,1,14/01/09,,,CIA,
CIA-RDP79-00999A000200010011-3.txt,,,correspondence,63,1,14/01/09,,,Release 2014/01/09|CIA|XN,
CIA-RDP79-00999A000200010012-2.txt,,,experiment_results,294,1,14/01/09,,,"CIA|G
WITIAL STATES|IL STATES|ON-DIAGONAL TRANSITIONS|KEY|TRIALS|BLUE R01|Declassified|PROB",
CIA-RDP79-00999A000200010013-1.txt,,,correspondence,476,1,71/2/2737|14/01/09,,xt sec|SS Rus Poles|THE Num Beat FOLLOWING|Eroret SUBTLE,Release 2014/01/09|CIA|STHIEILY|Bue PEM CARD|OO|§ @707112320271717133723072723|BVEPIZ|cnn|ret,Hy EAS|Nor Sf|AE|~040301230133100203113320113322201123101223273330011737270023
CIA-RDP79-00999A000200010014-0.txt,,,research_report,2470,4,14/01/09,,"Stephen S. Wachtel|Park S. Gerald|William E. Westbrook|AAAS 358
|John H. Douglas|E. G. Sherburne Jr.|Kendrick Frazier|Robert J. Trotter
|Joan Arehart-Treichel
Biology/Chemistry|Janet L. Hopson","CIA|Memorial Sloan-Kettering|Wachtel|XY|YY|Children’s Hospital Medical Center|Turner|SclENCE News|CRL|the Air Force
Cambridge Research Laboratory’s","Boston|Israel|Qumran|Palestine|New York|N.Y.|Washington|West Center Street
Marion|Ohio|Canada"
CIA-RDP79-00999A000200010015-9.txt,,,experiment_results,1275,2,14/01/09|12 February 1975,,Kress|L.R.|Ken Kress,"European Division|Completed|Stanford Research Institute|AC/SE|Stanford Research
Institute|SRI|ene|the Stanford
Research Institute|Release ioe CIA-|Release 2014/01/09 - MOCIA",L.R.|SRI|San Diego
CIA-RDP79-00999A000200010016-8.txt,,SECRET,experiment_results,329,1,14/01/09,,Kress|Theodore G. Shackley,Release 2014/01/09 :|Office of Technical Services|OTS|Stanford Research Institute|Agency|Division's Technical Requirements Staff|East Asia Division|CIA,Simul
CIA-RDP79-00999A000200010017-7.txt,,,experiment_results,273,1,14/01/09,Officer,Kenneth A. Kress,Release 2014/01/09 :|CIA|Development § Engineering/OTS|Stanford Research Institute|OTS|CCORET,
CIA-RDP79-00999A000200010018-6.txt,,,experiment_results,674,1,14/01/09,,received§ Each|fg@r|appest,"Release 2014/01/09|CIA|Soviet Europe Division|the

Stanford Research Insitutute - Perceptual|Agency|SRI|ref|TH|OV|Basis",
CIA-RDP79-00999A000200010019-5.txt,,,experiment_results,10337,20,14/01/09,,Hazard|Whitley|Carl|Gibson|Keven|Kersh|Rele|Whiley|hea Witiey|xt matches,CIA|Release 2014/01/09|Richland|Kersh|Whitley|Hazard|Mets|Shea|Cardinals|Lowery’s,New York|Lowery|Westport|Gaza|lavana|Canada|Brows|psualy|clentifcaly|oe
CIA-RDP79-00999A000200010021-2.txt,,,correspondence,918,1,14/01/09,,"ADOLPH S. OCHS|consciousnc ss|Uri Geller|Geller|Ouspensky|William Irwin
Thompson|Carlos Castaneda|JAMES RESTON|JOHN B. OAKES|TOM WICKER","CIA|THE NEW YORK TIMES|ARTHUR|the Stanford Research Institute|Stanford|Jile|NOVEM|Editorial Page Editor
A. H. RASKIN|JACK ROSENTHAL|CLIFTON DANIEL",
CIA-RDP79-00999A000200010022-1.txt,,,correspondence,108,1,14/01/09,,Menky Ireeeve|Boo,Release 2014/01/09 :|CIA|BEE|Comaeetsd|Release 2014/01/09,
CIA-RDP79-00999A000200010023-0.txt,,,experiment_results,678,1,14/01/09,,Tont Jon|Geller|Geiler|Decenber|REUTER|GF,"HEW|Release 2014/01/09 :|CIA|AEC|Geller|iong progran|LLL|Agency|¢
iniermed ef|NASA/AMES",wAany|Sunnyvale|Calif.
CIA-RDP79-00999A000200010024-9.txt,,,correspondence,249,1,14/01/09,,wiulpyan eu taane|Heel|Aarne|iE ne Pacha Sgpectbee|MMrrte Lyht,"CIA|CSR|Le
ab dir suvh trtgee|Tle|Margie EG|pbc|date & miner|Coke|OL|S-6 Cote Hf x -

$",debee
CIA-RDP79-00999A000200010026-7.txt,,,research_report,613,1,14/01/09,,"Op Secret

|Ping|Lo|f

Kia","Release 2014/01/09|CIA|Release 2014/01/09 :|OTAT|Release
2014/01/09 :|Release 2014/01/09:|Parapsychological|SO
feb|eos|OSI",Phenomena|US
CIA-RDP79-00999A000200010028-5.txt,,,other,512,1,14/01/09,,SUBJECT DREW,"Release 2014/01/09 :|CIA|STANFORD UNIVERSITY|STANFORD|DRILL PRESS|FLAT
BLACK AND|SAN FRANCISQUITO|TRESTLE|DREW CYLINDER|ABACUS/CLOCK TARGET SUBJECT RESPONSES",
CIA-RDP79-00999A000200010029-4.txt,,,other,1924,3,14/01/09,,Approved F|False|xanean|Moran|Rolex|Fals se IT|Lacarr|Declassitied|Ane Sena|Shing aPC,"Morgan|VW|Beirut

La|Jounie

Right|P & eS|CIA|PLA|iTrue|Sete|NE",Port|Mediter|LA|Beirut|side).-|NS|Khaki|US|khaki|Libya
CIA-RDP79-00999A000200010030-2.txt,,,correspondence,45,1,14/01/09,,,Apprayed For Release 2014/01/09|CiA-RD|NIA|CIA,
CIA-RDP79-00999A000200010031-1.txt,,,experiment_results,2201,4,14/01/09|3 June 1975|6/3/75,,"Biinod ANALYSIS|Harold Puthoff|Karen|Continucd|Harold Puthotf|C.

HYPOTHESIS|Wechsler|Digit Span|Arithmetic|Bender",CIA|Stanford Research Institute|\- Subject C|T.A.T|HYPOTHESIS|Rorschach|MMPI|F|8B|Si,PALO ALTO|CALIFORNIA|Menlo Park|I.Q.|Ph.D.|RI
CIA-RDP79-00999A000200010032-0.txt,,,experiment_results,605,1,14/01/09,,yO|Test.| Discrimination|in'a|Max|-s|outst,CIA|Table|Halstead Category Nonverbal|Test|sec|-RT/LT|~-RT|RT/LT|Knox Cube Test|Raven Progressive Nonverbal,RT|Rhythm
CIA-RDP79-00999A000200010034-8.txt,,,administrative,344,1,30 July 1975|14/01/09|3 June 1975,,Paul Freund|Malcolm Road,"Release 2014/01/09 :|CIA|STANFORD RESEARCH INSTITUTE|Naval Electronics Systems Command|Institute|Stanford Research Institute|San Francisco Defense Contract Administration Services Region|Attn:
|Office of Industrial Security",Menlo Park|California|Washington|Burlingame
CIA-RDP79-00999A000200010035-7.txt,,,experiment_results,3628,7,14/01/09|3 June 1975|18 October 1974,,"Paul Freund|Harold Puthoff

‘|Earle D. Jones|Walter|Silver-|Kamiya|R. Targ|Grass|Siegel|Fourier Transform","Release 2014/01/09 :|CIA|MenlofparkhCal|RosO2|Naval Electronics Systems Command|Bioengineering
Laboratory|Dj
Electronics and Bloengineering Laboratory|Bonnar Cox|Information Science and Engineering Division|Proposal for Research SRI","Washington|Pribram|Silverman|H.H.|P<.04|variety’of|San
Francisco|Menlo Park|California|New York City"
CIA-RDP79-00999A000200010036-6.txt,,CONFIDENTIAL,experiment_results,4406,8,14/01/09|20 December 1974,"COST OR TIME AFFECTED|TITLE PROJECT OR CONTACT OFFICER EXTENSION SIGNATURE OF BUDGET OFFICER DATE rs
B|PRIORITY|PERFORMANCE AFFECTED",Cif|MA|Plueweh Nulled|Jreceivine|Lowmrde sionntgaig|Ldler|Harold E. Puthoff|Earle D. Jones|Robert Armbruster|Audiometric,Release 2014/01/09 :|CIA|Year Office|PEF|PRIORITY|TITLE|ME &A0CSET PRESENT FUNDING|PROBABLY|Unsat|PROJECT TITLE PROJECT,Palo Alto|M.D.|Halstead-|k ~2-4|Sensory Shielding|Menlo Park|California|Washington|New York City|Chicago
CIA-RDP79-00999A000200010037-5.txt,,,administrative,333,1,3 April 1975|14/01/09|30 June 1975,,Robert M. Golding|Malcolm Road,"Release 2014/01/09 :|STANFORD RESEARCH INSTITUTE|Naval Electronics Systems Command|CIA|Institute|Stanford Research Institute|San Francisco Defense Contract Administration Services Region|Attn:
|Office of Industrial Security",Menlo Park|La|Washington|Burlingame|California
CIA-RDP79-00999A000200010038-4.txt,,,experiment_results,235,1,14/01/09,,"Elliot Weinberg|Weinberg|Stapp|Lett|H. E. Puthoff PhS -
Electronics and Bioengineering Laboratory|j1s
- Enc","CIA|STANFORD RESEARCH INSTITUTE
MENLO PARK|Research
Office of Naval Research|Lawrence Berkeley Laboratory|Bell|Theorem|Friedman|Clauser (Phys|STANRES",Arlington|Virginia
CIA-RDP79-00999A000200010039-3.txt,,,research_report,56,1,14/01/09,,"Approved F¢|Kan -

View LE","Release 2014/01/09 :|STANFORD RESEARCH INSTITUTE
MENLO PARK|STANRES|CIA",ZN
CIA-RDP79-00999A000200010040-1.txt,,,correspondence,100,1,14/01/09,,Kenneth Kress,"Release 2014/01/09|CIA|STANFORD RESEARCH INSTITUTE
MENLO PARK|SRI Proposal for Research No|j1s
Enc|STANRES|Release 2014/01/09 :",
CIA-RDP79-00999A000200010042-9.txt,,UNCLASSIFIED,administrative,3284,6,14/01/09|30 June 1975|22 January 1955,"PERFORMANCE AFFECTED|DESCRIPTION AND DELIVERABLES

|OFFICER |DESCRIPTION AND DELIVERABLES

There are |Officer The attached","B/ Kress|PROJECT CRYPTONYM
CPFF|Request No|F. Y¥.
|DELIVERABLES|Vat|Ken|H. Puthoff ‘|CPFF Lote|Technique",CIA|OTS|ADDRESS|PHONE|Release|Release 2014/01/09 :|Stanford Research Institute|STAT|bee|FORM Al,"Release|Menlo Park|California|Funds|timé|Ménlo Park|Oifice|Ce


--- Page 7 ---
|Park|PD RECORDED"
CIA-RDP79-00999A000200010047-4.txt,,,experiment_results,1629,3,14/01/09,,Heenan|Said|Subjects|Puthoff|Study|Style|Rorschach|Karen L. Nelson,CIA|Preliminary Group Report|the Psychological Testing of Subjects|Stanford Research Institute|M.M.P.I.|the Strong Vocational Interest Blank|Subject|Sensitivity|the Church of Scientology|Subjects,Gestalt|Tich|Scientology
CIA-RDP79-00999A000200010048-3.txt,,,other,1470,2,12/3/74|14/01/09,ISH,"P. J. O'Donnell
P. O. Box 306|QJERRY|Andithen|OBVIOUS MATERIALS|CS Tae","Release 2014/01/09 :|CIA|O'Donnell CS “&
SUBJECT|Project ISH-3183|MESSAGE|Progress Report|COPY|KEN|TIME|they*re",US|Menlo Park|Xerox|sia|TR
CIA-RDP79-00999A000200010050-0.txt,,,experiment_results,2928,5,14/01/09,,"NOT~--IT'S|I'LL TELL-YOU|Copy CAT|Compe|Compu|Larry|Devecopee|Maswen Pees Cony

Co |Cep-Tek|Ro Cegu bibletS|Sime Room",Release 2014/01/09 :|CIA|WAY|FLAVOR|FACT|DO|Release 2014/01/09 - CIA|enn ne|TSE|kK-R- SSO,"WASHINGTON|Sap|VA|J Comporor|is7Al

juwe|SB|KeTRIEVE|US|UC|UG"
CIA-RDP79-00999A000200010051-9.txt,,,correspondence,122,1,14/01/09,,a. Smal,CIA|Aes Set|Ky ag 6844|A. Ak.|phd,BB|VE
CIA-RDP79-00999A000200010052-8.txt,,,correspondence,87,1,14/01/09,,"Lad ben
Go",CIA,
CIA-RDP79-00999A000200010053-7.txt,,,correspondence,90,1,14/01/09,,Ly Declassified,CIA|SS ee Ne EN EE,
CIA-RDP79-00999A000200010054-6.txt,,,correspondence,58,1,14/01/09,,Gs,CIA|O81,
CIA-RDP79-00999A000200010055-5.txt,,,correspondence,72,1,14/01/09,,,CIA,
CIA-RDP79-00999A000200010056-4.txt,,,correspondence,222,1,14/01/09,,Vegwan|xin|Benen|Gry Pera Ses|Seren,CIA|RUA|sRannpe|niet p beet,"Se

uamererey"
CIA-RDP79-00999A000200010057-3.txt,,,experiment_results,1328,2,14/01/09|17 June 1974|3 July 1974,,"\
2|H. E. Puthoff|Saag|HoEe|CA 94025|Charles Beal

Laboratory|Jack|H.E. Puthoff

SRI|Robert H. Armbruster|Se","Release 2014/01/09 :|CIA|STANFORD NESEARCH INSTITUTE
MENLO PARK|Ph.D.

Electronics|STANRES|Release 2014/01/09|Stanford Research Institute|Dear Dr.

‘Paro ALro Mirvica Cum|Eckman/Perlstein/Altrocchi|Bekesy",Menlo Park|PALO ALTO|CALIFORNIA|M.D.|M.0|ECKMAN|HARTZELL|JR.|MD|GOLDEN
CIA-RDP79-00999A000200010058-2.txt,,,experiment_results,1966,3,14/01/09,,Puthoff|Targ|enema epeuennmnt|Lim|Dr Ornstein|Dr Lucas|Dr Helgard|Helgard|e. Status of Testing|S-1,Release 2014/01/09|Basic Research Effort|Monthly Status Report|Messrs Jones|Status Report|Release 2014/01/09 :|CIA|Release 2014/01/09 eae e082|GSR|EEG,Washington|Palo|Depth Interviews
CIA-RDP79-00999A000200010059-1.txt,,,administrative,232,1,14/01/09,,"Ken Kress|Geller|H. E. Puthoff
Electronics-Bioengineering Laboratory

Information Science and Engineering Div","Release 2014/01/09 :|CIA|STANFORD RESEARCH INSTITUTE|First International
Congress of Parapsychology and Psychotronics|STANRES",MENLO PARK|Prague
CIA-RDP79-00999A000200010060-9.txt,,,research_report,942,1,14/01/09,Distribution,John N. McMahon|Carl E. Duckett,"Release 2014/01/09|Science and Technology

SUBJECT : Office of Research and Development|Office of Technical Service Paranormal
Perception Research Project|Stanford Research Institute|the Office of Research and Development|Technical Service|SRI|OTS|the Statement of Work|Release 2014/01/09 :",
CIA-RDP79-00999A000200010062-7.txt,,,research_report,271,1,14/01/09,,,"CIA|Office of Technical Service|the Office of
Research and Development|Agency",
CIA-RDP79-00999A000200010065-4.txt,,,administrative,521,1,28 November 1973|14/01/09|4/01/09,,"Richard
Kaufman|Steininger|Kaufman|William Fox|Dupont Copp|George T. Myers|Geller|Walker|Suskee|Kenneth A. Kress

Declassified",Release 2014/01/09 :|CIA|OTS|RECORD|Stanford Research Institute|OSI|the Army Material Command|Army|Cols|SI,Nickel|Kaufman|Aberdeen|Md.
CIA-RDP79-00999A000200010067-2.txt,,CONFIDENTIAL,research_report,621,1,2 August 1973|14/01/09,,Ky|Kenneth A. Kress,Release 2014/01/09 :|CIA|CONFIDENTIAL|OTS|SUBJECT: Psychical Research|Science|Release 5014/01/09|Renae 2014/01/09 :|Agency|Stanford Research Institute,
CIA-RDP79-00999A000200010068-1.txt,,,experiment_results,1384,2,14/01/09,,"aceuracy

d. reliability|a. accuracy
b. reliability

|History|ti va fu Af tt|Voratersact A.|Op Mean|Tay|Agta","CIA|ec|Determine|Gifted
Subjects|Limited|AEP|CNV|PAMMattes|Particuler Administrative Procedures|leu
s

-5-",Key ~|Generally|Ce
CIA-RDP79-00999A000200010069-0.txt,,CONFIDENTIAL,correspondence,489,1,14/01/09,,Uri Geller's|Kenneth Kress|Kress|At+=¢hewe Ssuggestiong|Sts,"Release 2014/01/09 :|CIA|Dissemination of Information Obtain|Stanford Research Institute|Paranormal Research Contract|SRI|psan ag

Research Projects Agency|the National Security

Agency|Defense Intelligence Agency|Army Material Command

Cwr",DDS&T
CIA-RDP79-00999A000200010070-8.txt,,,research_report,1622,3,14/01/09,,Edgar Mitchell|Mitchell|Francine du Plessix Gray|Ph.D.|Uri Geller|Werner Von Braun’s|Uri|Edgar Mitch-|Hal Puthoff|Bobby Fisher,"CIA|Apollo|Smith-Corona|Eastern|NASA|Yale University|the New York Times|the National Association for the
|Advancement of Science|ford Research Institute","UC|the United States|the United
States|Manhattan|Israel|United States|Menlo Park|Calif.|California|Menlo
Park"
CIA-RDP79-00999A000200010071-7.txt,,,other,597,1,14/01/09,,"Uri Geller|Mark Shelley|Geller|Edward Baston|Fred Pye|Mark|Margaret|Shirley

Shelley","Release 2014/01/09|SLIP|Release 2014/01/09 :|CIA|aoe CO 27, 1974

TV|Viewers Across Britain Watch in Amazement|Cambridge
University Inetallurgist|ENQUIRER|Mark’s|W&
‘NO TRICKERY INVOLVED",IA|Is-||Ipswich|England|London|Geller|Fla.|Britain|Bowles
CIA-RDP79-00999A000200010072-6.txt,,,research_report,1035,2,14/01/09,,"Edgar Mitchell|Telepathy|Swami Rama|Charles Tart|Tart|Rex|Gertrude Schmeidler|Sigmund Freud|Ernest
Jones|Hereward Carrington","CIA|the Menninger
Clinic|Langley|the Menninger Clinic|the University of
California at Davis|St. John’s University|Queens|the City Umiversity of New York|archaic communica|Menninger Clinic",Topeka|Kan.|San Francisco
CIA-RDP79-00999A000200010073-5.txt,,,research_report,1242,2,14/01/09,,Eduard K.|issa Vilenskaya|Naumov|Serbsky|Lev Regelson|Sovict|A. V. Lunakharsky|M. Bekhtercv’s|L. L. Vasiliev|Telepathy,"CIA|Institute of Forensic Psychological|Dr

Andrej Snezhnevsky|Snezhnevsky|Naumov|KGB|quantum mechanics|Education|Soviet Committee|the University of Leningrad",Moscow|Prison|Russia|the Soviet Union|Ussh|US|Lenin|USSR
CIA-RDP79-00999A000200010074-4.txt,,,experiment_results,586,1,14/01/09,,"Edgar
L. Gasteiger|John M.

SCIENCE

Kmetz|Kmetz|Gasteiger|Galston|Approved Fo","CIA|Backster|Cornell University|Gasteiger|Science Unlimited Research
Foundation|Kmetz|Scientific Advancement|Yale|Release 2014/01/09 :",Backster’s|San Antonio|Tex.
CIA-RDP79-00999A000200010075-3.txt,,,remote_viewing,866,1,14/01/09,,Gospel|Riesenman|Jeane Dixon|Uri Geller|Jeane|Jeane Dixon’s|Lang,Release 2014/01/09 :|CIA|CAL|PLease|quantum physics|ford|Yale|Columbia|Eastern|Bell’s,Arlington|Va.|Chicago|Washington
CIA-RDP79-00999A000200010076-2.txt,,,research_report,1475,2,14/01/09,,Dr John|Naumov|Solzhenitsyn|Socicty|J. B. PRIESTLEY|R. DODDS|ROBERT H. THOULESS|D. J. WEST|ROBERT HARVIE|JOSEF SCHUBERT,"LONDON TIMES|the All-Union Scientific Research|Institute of Medical Technology|Serbsky Institute|p f ‘
yvioh’s|Release|HOD-Kussian Pevpies|MISCUSHDZ|ALD|Nautnov’s",Russia|East-West|Moscow|Cambridge|Pd|Rissia|the Soviet Union|U.S
CIA-RDP79-00999A000200010077-1.txt,,,research_report,5360,10,14/01/09,,"John A. Wheeler|Eugene Wigner|Wheeler|Roger Penrose|Orcharct Chicago|JACK SARFATT

~International|Gordon|David Bohm|Bohm|De Bree",Psychoenergetic Systetms|the Quantum Principle|Suggested|Bishop|Berkeley|itas|Talavera)|Release 2014/01/09|CIA|Breach Science Publishers Ltd.,Vol|pp|Caciey|fiewais|Trieste|Italy|Nerthern Ireland|Hiley|PO|Dirac
CIA-RDP79-00999A000200010079-9.txt,,,experiment_results,1379,2,14/01/09,,"Bernard Dixon|Geller|Puharich|Russell Targ

London|Harold Puthoff|George Lawrence|Ray Hyman|Badal|Henry A. Grunwald|Uri Geller","Release 2014/01/09|STANFORD RESEARCH INSTITUTE
MENLO PARK|New Scientist
New Science Publications|the New Scientist|SRI|CIA|New Scientist|Time Magazine|U.S. Government|Geller",England|New York
CIA-RDP79-00999A000200010080-7.txt,,,research_report,978,1,14/01/09,,Uri Geller|David|Harold Puthoff|Russell Targ|Pat Price|Geller|Martin Gardner|Puthoff|Center,CIA|Geller’s|Stanford|Institute|Geller|SRI|Scientific American|Targ|Nature’s Davies|Irving,nomena|Menlo Park|Calif.|Burbank|Israel|San Francisco|Salt Lake City|Utah|U.S.
CIA-RDP79-00999A000200010081-6.txt,,,research_report,1170,2,14/01/09,,Harold Puthoff|Uri Geller|Geller|Puthoff|Lengthy Exposé|nicotine av|Joseph Hanlon|Jon|Russell Targ|Hal Puthoff,CIA|Stanford Research Institute|TIME|Targ|Nature’s|the Stanford Research Institute|SRI|New Scientist|Geller|FTC Report,
CIA-RDP79-00999A000200010083-4.txt,,SECRET,experiment_results,2429,4,14/01/09,,D. H. Lioyp|A Tt Pete|Jong|JO|Zot jx|P. H. Effects|J. Aud.|L.|Charles C. Thomas|D. T. R.,"Release 2014/01/09 -

|CIA|ADDRESS|ZS|INFORMATION|ERO NAME|PHONE|Release 2014/01/09|Release
2014/01/09 :|Release 2014/01/09 :",M.D.|i.c.|Hz|SKINNER|Illinois|Neurophysiol|MAST|YOSHIE|Electroenceph|Vertebrates
CIA-RDP79-00999A000200010084-3.txt,,,research_report,1504,3,14/01/09,,"jnterest ii|A. N. Leantiov|Luria|Naumov|Tony|Lanakharsky|Kdueation|Bekhtevev|K. I. Platanoy|V. S.
minsky",the Soviet Academy of Sciences|Academy|al Sciences|VW|FE|ALR|parapss chelopical|Mosxcow|Eduard Naumay|HEL,Russia|oaly|Leningrad|Universit|Vasiliev|Moscow|Prmve|La|the United States|Brooklyn
CIA-RDP79-00999A000200010085-2.txt,,,experiment_results,1992,3,14/01/09|11/10/73,,Hollis S.|Judith Scott|Robert Perkins|James G. Shaffer|Staphylococcus|Shaffer|Young|Uri Geller|Jack Sarfatt|Wolfgang Pauli,"CIA|Moniek
Spaepen|Lutheran General Hospital|Lutheran|The Baltimore Cancer Research|Viola Mae|the University of Maryland|cpc|SN|the University of Gottingen","Park
Ridge|Kundsin|Pauli|Birkbeck Col-|London|Birkbeck|Clarke|Koestler|Cambridge|Mass."
CIA-RDP79-00999A000200010086-1.txt,,,experiment_results,2611,5,14/01/09,,"William A. Tiller

Richard A. Miller|Lisa J. Shawver|Einstein|Valentina Kirlian|Victor Adamenko|Adamenko|William|A. Tiller|Thelma
Moss|Gerald G. Jampolsky",Release 2014/01/09 :|CIA|Release 2014/01/09|Semyon|Milner.and Smart|Stanford|the University of California|Tiller|the Child Center|Tesla,the United States|Russia|Los Angeles|Kentfield|Calif.|Moss|Kirlian|England|Brooklyn|the Soviet Union
CIA-RDP79-00999A000200010087-0.txt,,UNCLASSIFIED,research_report,1063,2,14/01/09,,"Uri Geller|David
Dimbleby|Uri|Mr Geller|Geller","CIA|FE|BBC|Mr Geller|Stanford|Institute|the Magic Circle|New Scientist|the
professional magician|the Society for Psychical
Research",Britain|the United States|Israel|New Scientist
CIA-RDP79-00999A000200010088-9.txt,,SECRET,remote_viewing,2980,5,14/01/09,,"FORWARDED INITIALS|US Sa ep

Declassified|Dietrick E. Thomsen|J. Richard Gott III
|Einstein|Universe|EY|v xa|Thomas|Lorentz","Release 2014/01/09|CIA|ShAg|NP|BEE|Release 2014/01/09 :|California Institute of Technology|Astropuys-
PAL JOURNAL|Universe|Universe II",FO|OA|SB|ET
CIA-RDP79-00999A000200010089-8.txt,,,experiment_results,13541,27,14/01/09,,"M. C. Escher|Escher|E. G. Sherburne Jr.|Kendrick Frazier|Dietrick E. Thomsen|Robert J. Trotter

Biological|Joan Arehart-Treichel
|John H. Douglas
Jonathan Eberhart
Nadine Clement|Lawrence Cope|Fred W. Dieffenbach","CIA|104|Sun|Julius Caesar|Pioneer|TRW|NASA|Launch

Pioneer|Science Service Publication|Incorporating Science News Letter","California|Haags Gemeente-museum|New York|N.Y.|Washington|West Center Street
Marion|Ohio|Canada|Mexico|U.S."
CIA-RDP79-00999A000200010090-6.txt,,,research_report,6346,12,14/01/08,,"C. Moyers|Afunual|C. Hotiel|jaw ot
nouf|Coninerce|L. J. Lazavidis|Library|Flurvarcd|C. Cadoit|Dyed GU","CIA|modhe &.|Par|Science|D.C. Janus|American Society|The Value of Theruri Dnaulae|Residential Construction: Eeanonvies|Conservation of Energy|Laboratory, Report ORNL-NSE

Oak Ridge",New Yerk|Which|Jovles|New York|po|Cambrid Mass.|Washingtua|D.C.|Pittsburgh|North Carolina
CIA-RDP79-00999A000200010091-5.txt,,,research_report,14022,28,14/01/09,,"John W. Conrad—Macmillan|Alice Jane
Lippson|Ed|Carl Kaysen|Stephen J. Lip-|Richard S. Lewis|Roger Williams—Wiley|Dora Jane Hamblin|Amitai Etzioni|David Judson","Release 2014/01/09|CIA|Book Order Service|Science News|N

St.|N.W.|BRAIN|Mind Research—Marilyn Ferguson|Complete
Compendium|Johns Hopkins",U.S.|Washington|B.C.|India|Iran|Wyden|Vail|Kapitsa|New Society|Nairobi
CIA-RDP79-00999A000200010092-4.txt,,UNCLASSIFIED,remote_viewing,6201,12,14/01/09,,BIOLOGICAL ELECTRODYNAMICS|Victor Adamenko|Nekotorvve Von Biol Eleki Psikh|Psychic|nee leer|Luigi Galvani|Geiger|abe teen|Contorerich|Kotik,"Release 2014/01/09 :|CIA|LJ|TAL|RECEIVED FORWARDED

Fy|PSYCHOEWERGETICS|IR|Release 2014/01/09|Ohm's Law|Tata",USSR|Moscow|Probably|Approved|Avoyndat|Paraphysics|Kirlian S|Kinematography|Vol|Bioeenergetics
CIA-RDP79-00999A000200010093-3.txt,,UNCLASSIFIED,experiment_results,6756,13,14/01/09,,"YEPREVOUS|Michael N|Bright|Michael N. Kreisler|Massachuselis|Einstein|Sudarshan|Lorentz|r\ Dol
Declassified in Part - Sanitized Copy Approved|Torsten Alvager","Release 2014/01/09|Release 2014/01/09 :|CIA|INTERNAL 1|the University of Massachusetts|Stanford University|Princeton|the University

i of|Address: Department of Physics|Astronomy,",4.4.4.4|TR|corona|Leourls|~20|youl|Leit
CIA-RDP79-00999A000200010094-2.txt,,,experiment_results,13459,26,14/01/09,,Lushic|Nev|Jess|SE SI|Se Ny|Caae|Roger|Ronald Myers|Cope|Myers,"CIA|The New York Times Magazine/S|Next|¢|Yora, Arica|¢
J|OGRE|NaN|Sperry|California Institute of Technology",Tibetan|Harcourt Brace Jovanovich|Handsome|N.Y.|Los Angeles|Jersey 07704|\ City|mip amin|New York|Java
CIA-RDP79-00999A000200010095-1.txt,,,experiment_results,10863,21,14/01/09|14/01/08,,"Ri|sPuthotiZ Steg|f.
oO|Oe|II PROGRESS|Mee|Donald Lim|Lim|° Reitan|Robert Ornstein","RD RESEARCH INSTITUTE
Menio' Park|Stanford Research Institute|ON|PAW|Release 2014/01/09 :|CIA|A. Applied Research|H.P.|Independent of|Halstead-Rei",California|Costa Rica|Palo Alto Veteran|San Francisco|Palo Alto|M.D.|Harvey|Springfield|Tllinois|M.0
CIA-RDP79-00999A000200010096-0.txt,,,administrative,683,1,24 January 1974|14/01/09|23 February 1975,No,"Approved|nae|Complete|Philip J. 0’Donnell
Contract Administration|Fy Tet|Patlip J. O'Donnel",Saat|CIA|Contractor Stanford Research Institute|Period of Contract|Percentage of Funds Expended to|Percentage of Work Completed to Date|G&A|Technical Progress|Release 2014/01/09 :|Release 2014/01/09,
CIA-RDP79-00999A000200010097-9.txt,,,administrative,1021,2,24 January 1974|14/01/09|23 February 1975,No,"Philip J. O'Donnel3|Complete|Philip J. O*Donnel|Adminictrat|Lo|v wud

°|Philip J.|Date|Philip J. O’Donnel",Release 2014/01/09 :|CIA|Contractoy Stanford Research Institiite|G&A|Technical Progress|AAmiAndatnntl®|Release 2014/01/09|CRD|Contractor Stanford Research Institute|Contract Administration,
CIA-RDP79-00999A000200010101-3.txt,,,administrative,679,1,4/01/09|14/01/09,No,"roy a1a3|Expenditures|Philip J. O’Donne

Contr|Date|Philip J. O'Donnell",Release 2014/01/09 :|Contractor Stanford Research Institute|Period of Contract|Percentage of Funds Expended to Date|G&A|Release|CIA|Project No|Percentage of Funds Expended to|Percentage of Work Completed to Date,Caontrac
CIA-RDP79-00999A000200010102-2.txt,,,administrative,971,1,14/01/09,No|Na,¢|Philip Ji 0° Donnell|Manager-|Wes|Deciassifid|Philip J.:|Lo|Ste|Philip J. O'Donnel,Release 2014/01/09 :|CIA|Stanford Research Institute|Amount of Obligations|DO|SA|Percentage of Work Completed to Date|yeg|Technical Progress|Contractor Stanford Research Institute,"OE|Senenemeanneenmemmamaaaaal|Los -
"
CIA-RDP79-00999A000200010103-1.txt,,,administrative,807,1,4/01/09|14/01/09,No,"\ mo|Philip J. 0'Dennell|Date|Lo|BeOoIMeRPeHt
Philip J.:|lo s

Contract No|Philip J. 0° Donnell
‘Manager",Percentage of Funds Expended to Date|NF|Naihe of Contr|Stanford Research Institute|MONTHLY CONTRACT STATUS REPORT|Expenditures to Date $|Complete|G&A|Release 2014/01/09 :|CIA,
CIA-RDP79-00999A000200010104-0.txt,,,administrative,848,1,14/01/09,No,"Philip Je 0""Dobnell|aos|Philip Jo O'Donnell|Lan|Lotte","co8|Release 2014/01/09 :|CIA|Stanford Research Institute|Feh|Estimate of Funds to Complete|Date|G&A|De ES

Submitted|Percentage of Work Completed to Date",-F.|ra .
CIA-RDP79-00999A000200010105-9.txt,,,experiment_results,850,1,14/01/09,,° °|Nea|Mark|Mendy|Approved|onsBoncnogogeto 0105-,CIA|Porter Neuropsychiatric Institute|X.|SADDLE|FAULT|doesn'|TROUT|CIRCLE|RN|Release,
CIA-RDP79-00999A000200010107-7.txt,,,correspondence,107,1,14/01/09,,"Kemneth Kress|H. E. Puthoff

CABLE:","Release 2014/01/09 :|CIA|STANFORD RESEARCH INSTITUTE
MENLO PARK|STANRES",
CIA-RDP79-00999A000200010108-6.txt,,,research_report,273,1,9 December 1974|14/01/09|24 September 1974,,GEORGE G. MEADE|Sayre Stevens|Ope|Ken Kress|Kress|H. Puthoff£|R. Targ,"Release 2014/01/09|CIA|Cor

Ww|Virginia

Dear Say|Stanford Research Institute|Psychoenergetic Research|The Seminar Coordinator|Research|Release 2014/01/09 :",
CIA-RDP79-00999A000300030001-8.txt,,CONFIDENTIAL,correspondence,210,1,27 May 1975|9 June 1975|03/03/28,,,OTS|Briefing National Security Agency|NSA|Concerning the Parapsycholegy Project|Stanford Research Institute|SRI|CIA,R@D
CIA-RDP79-00999A000300030004-5.txt,,,research_report,444,1,03/08/08|8 August 1973|25 August 1973|31 August 1973,,"Uri
Geller","CIA|DIA Personnel|Chief
Biomedical Sciences Branch|DIA|CIA Headquarters|Behavioral Sciences Branch|Stanford Research Institute|SRI|ARPA|Columbia University's",Virginia
CIA-RDP79-00999A000300030005-4.txt,,,administrative,486,1,03/05/28|03/03/28|18 July 1973|19 July 1973|21 June 1973,,SG1B Approved|P. O'Donnell|J. M. McMahon|Bonnar Cox|Memo|H. Puthoff|Puthoff|P.|Swann,CIA|SRI|O'Donnell|linear,
CIA-RDP79-00999A000300030006-3.txt,,,research_report,496,1,27 June 1973|13 June 1973|03/03/28,,H. Puthoff|R. Targ|Puthoff|Targ|C. Anderson|Anderson,"CIA|Stanford Research Institute
Program|Stanford Research Institute|The Stanford Research Institute|E. Jones|B. Cox|D. Shuich VP|Puthoff and Targ|SRI|Agency",Mento Park|California|rome
CIA-RDP79-00999A000300030008-1.txt,,,research_report,439,1,27 June 1973|13 June 1973,,"H. Puthoff|R. Targ|Puthoff|C. Anderson|Anderson|jo folie bboy:|Adsrbel ho

Approved","The Stanford Research Institute|Jones|B. Cox|D, Shtich VP|Puthoff and Targ|SRI|Agency|thei EG
CAE|CIA",Usinda
CIA-RDP79-00999A000300030009-0.txt,,,correspondence,85,1,03/03/28,,Rie|Qa|Tan|J Heh GE,"CIA|Th

EVRA Dur",
CIA-RDP79-00999A000300030010-8.txt,,,administrative,314,1,21 June 1973|03/03/28,,Bonner Cox|Cox|John N. McMahon,CIA|Stanford Research Institute|ORD|OTS|Office of Technical Service,
CIA-RDP79-00999A000300030014-4.txt,,,administrative,296,1,27 March 1973|03/03/28,,Uri Geller|H. E. Puthoff|Refeasé 2003763728,"VN\AN|STANFORD RESEARCH INSTITUTE
MENLO PARK|double7|CIA",
CIA-RDP79-00999A000300030016-2.txt,,,correspondence,37,1,03/03/28,,,CIA,Beno
CIA-RDP79-00999A000300030017-1.txt,,,experiment_results,477,1,03/03/28,,Uri Geller|Ingo Swann|Geller,"SG1B

Approved|CIA|Central Intelligence|CIA Management Committee|Stanford Research Institute|TSD|DDS&T/ORD|Basic Data|Agency|ORD",Menlo Park|California
CIA-RDP79-00999A000300030020-7.txt,,,experiment_results,408,1,18 April 1973|03/03/28,,"R. Targ|Swana|Uri Geller|E. H. Walker|Walker|Puthoff|Targ|Si TAL

SG",Stanford Research Institute|I. Swann|SRI|ORD|QRD|Physics Today|CIA|Walker,HIA
CIA-RDP79-00999A000300030021-6.txt,,UNCLASSIFIED,research_report,2365,4,03/03/28,,Jeannette|James Crump Jr.|Meryl Johnson|Uri Geller|telepathy|Charles Anderson|Geller|Russell Targ|Harold Puthoff|William Franklin,"SG1I
DIRECT REPLY
APPROVAL|SG1I|ADDR|CIA|Part-Time Student Claire Jeannette|Jeannette|the University Record|Far|Kelsey
Museum|the Think Tank

Sprawling","Michigan|Magician|Menlo
Park|Calif.|America|Southeast
Asia|U.S.|Menlo Park|Manhattan|California"
CIA-RDP79-00999A000300030027-0.txt,,,experiment_results,2566,5,03/03/28,,"Approved Forigelease|Uri Geller|Geller|pat ne|Wis

Approved|Puthoff|Figs|aoa al
.|pee ETE
wee en Cire

Approved|Approved Forwglease","CIA|ST|CO

|EEG|the Life Sciences Division|Figs|Geller|Targ|Apple|the Ten Commandments",Release|MRXXKKK
CIA-RDP79-00999A000300030029-8.txt,,,other,1371,2,22 March 1975,,"Dr Atkins|Dr‘ Atkins|Atkins|Cietcr|Harold Putoit|Tgno Swann|Uri
Geller|Geiler|Geller|Peter Gwynne

eu","american Medical Association|eg¢s|AMA|Council|Nutrition|The New York County Medical Society|Society|Stanford
Research Institute|Columbia
University Physics Department|SRI","New York County Medical Scciety|Ioquium|New

York|New York|France|Britain"
CIA-RDP79-00999A000300030030-6.txt,,,experiment_results,4105,8,03/03/28|15 January 1973|22 February 1973|28 August 1972|1 December 1972,,H.E. Puthoff|Russell Targ|Ingo Swann|Uri Geller|Swann|Geller,"STANFORD RESEARCH INSTITUTE

MENLO PARK|CALIFORNIA|CIA|Proposal for Research SRI|Biofield Measurements Program|A. Probability 1/3|Swann|linear|Student|Helium",Specifically|Release|Boulder|Colorado|IA|CALIFORNIA
CIA-RDP79-00999A000300060001-5.txt,,SECRET,experiment_results,3096,6,03/06/24|11 August 1976,,Harold E. Puthoff|Russell Targ|Pee R084|R. Targ|Puthoff|L. Vasiliev|I. Kogan|Garrett Airesearch|Maire III|J.D. LaMothe,"CIA|GPANFORD RESEARCH INSTITUTE|GAD
CONTROL|St 1825 Ay

Classification Determination
Pending: Protect|Stanford Research Institute|DIA|the US Army Medical
Intelligence and Information Agency|Garrett
Airesearch|SRI|EC RE",Menlo Park|California|US|Vol|pp|the Soviet Union|Czechoslovakia|Springfield|Virginia|Santa Monica
CIA-RDP79-00999A000300060003-3.txt,,,experiment_results,1282,2,16 December 1974|03/06/24|11 December 1974,,Jan|Hal|Russ|Earle Jones|Yene Av,CIA|Stanford Research Institute|Bart|S.P.|E2 IMPDET CL|Earle|IBM|S.W.|SW|OTS,A.C.
CIA-RDP79-00999A000300060005-1.txt,,,experiment_results,21766,43,03/06/24,,HAROLD E. PUTHOFF.|William Crookes|Manuscript|CA|IV|Puthoff|J. J. Thomson|Oliver Lodge|John Coover|George Estabrooks,"CIA-RDP7.9-80999A000300060005-1

PROCEEDINGS OF THE IEEE|NO|Recent Research|IEEE|TARG|senloR MEMBER|IEEE

Abstract|the Electronics and Bioengineering Laboratory|Stanford Research
Institute|New Scientist",the United States|rT|ewe|New York|Palo Alto|Menlo Park|Faraday|San Andres|Colombia|California
CIA-RDP79-00999A000300070001-4.txt,,UNCLASSIFIED,research_report,33387,66,02/10/21,,"Ph.D.|A.H. Bauer|E.C. Wortz|J. W. Eerkens|Physics

R. F. Blackwelder|Instr|J.B. Rhine|Kogan|Adamenko|Sergeyev","CIA|Copy No. 2|AIRESEARCH MANUFACTURING COMPANY|CALIFORNIA|REI|cia|Ph.D.
J.W. Eerkens|Ph.D.
A.J. Saur|Ph.D.

AIRESEARCH MANUFACTURING COMPANY|Overview",Torrance|B.S.|U.S.|interdiscTprinary|Releasp@i20Q2/4 O2thssGEA-RDP79-00999A000300070001-4|the United States|U.C.L.A.|U.S.S.R.|Incoming|S.P.
CIA-RDP79-00999A000300080001-3.txt,,SECRET,experiment_results,27541,55,02/10/24|02/10/21|23 November 1973,"Officer wi The estimated cost for the
proposed effort is |Officer willbe The estimated cost for the
proposed effort is

","Se|Harold E. Puthoff|Earle D. Jones|© w ew eo

Reporting Schedule|Frequency Spectra|Jean Mayo|Hella Hammid|Geller|Ingo Swann|Gobi","CIA|SR/ORD/DD/S&T|PMS|QF

MEMORANDUM|Central Intelligence

SUBJECT : Office of Research and Development|Office of Technical Service Paranormal
Perception Research Project|Stanford Research
Institute|the Office

of Research and Development and the Office of Technical Service|OTS|the Statement of Work",Sowa|SB|Dire|Technical Approach|Receiver|Victoria|Iceland|Soviet Union|Australia|west.
CIA-RDP79-00999A000300100001-0.txt,,,administrative,152,1,03/06/24|6 December 1976,,,"CIA|A&C/OF

SUBJECT :|Stanford Research Institute|Release|WCPO/OL
Distribution: Maximum Consideration
Orig & 2 -—|A&C/OF Contractor's|Amt Appvd & Paid

Obligation Ref|Date Final Payment",
CIA-RDP79-00999A000300100002-9.txt,,,experiment_results,644,1,12 August 1976|03/08/08|19 August 1976,,"H. Puthoff|R. Targ|Puthoff|Bart Cox.
|Jones|Charles Anderson|S. Kaslof|Means|Dale Graff|Ed Levett",NAVY|CIA|OTS|Stanford Research Institute|SRI|Targ|Farl Jones|the Radio Physics Division|RPD|the Air Force,
CIA-RDP79-00999A000300100003-8.txt,,,historical,406,1,03/06/24|3 July 1976,,Targ|Puthoff|Sam Kaslov|Kuslov|Wright-Patterson|Dale Graff,"CIA|Office of Technical Service|DCI|DDS&T.
|Stanford Research Institute|Navy|EEG|SRI|The Foreign Technology Division|AFB",
CIA-RDP79-00999A000300100005-6.txt,,,other,511,1,29 April 1976|03/08/08|4 May 1976,,"James

Foote|Feote|D. C. Bailey ELEX-O3A|CDR H. W. Konkel|J. A. Koenig|J. S. Foote|JOHN T. MAHONEY
|Copy|James B. Wheeler|Harry W. Konkel","SG1I|CIA|OTS|Commander Naval Electronics
Systems Command|Navy|SRI|ORD|LSR|OTS/BAB|the Naval Electronics Systems Comaand",
CIA-RDP79-00999A000300100006-5.txt,,SECRET,experiment_results,354,1,03/06/24|23 April 1976|20 April 1976,,Dale Graff|Wright|Graff,"CIA|OTS|Dayton|Stanford Research Institute|FTD|CIA/
ORD|Set

4|SRI|Neel|Nee",Ohio
CIA-RDP79-00999A000300100007-4.txt,,,research_report,450,1,03/06/24|4 February 1976,,R. W. Lucky,"CIA|OTS|Stanford Kesearch Iastitute|ORD|SRI|EEE|the IFEF
Publications Board|Division|Bell Laboratories|CIA-RI",
CIA-RDP79-00999A000300100008-3.txt,,,research_report,164,1,7 November 1975|03/08/08,,H. Puthoff|Lucky|Targ|Puthoff|Freund|Losey,"TiAl|Stanford Research Institute
Research in Parapsychology|OTS|SRI|Bell Telephone Laboratory|the Institute of
Electrical and Electronic Engineers|fron|the Naval Electronics System Command|Coastal System Laboratory|Puthoff",Panama|Florida
CIA-RDP79-00999A000300100010-0.txt,,,experiment_results,858,1,03/06/24|22 February 1975|11 February 1975,,Uri Geller|PeldepGy|° iii|H. Puthoff|Targ|Puthoff£|Puthoff,"CIA|Stanford Research Institute Paranormal Research
Contract|CA 11|SRI|De Velco magne-|SI|GUyrileiadild
Approved Forgelease|the Palo Alto Clinic|BAB|WALS",Menlo Park|Washington
CIA-RDP79-00999A000300100011-9.txt,,,experiment_results,472,1,03/06/24|21 January 1975,,"H. Puthoff|R. Targ|S. Gottlieb|Ingo Swann|Swann|Uri Geller|P. Price|Price|Patrick H. Price
Ingo Swann|Duane S. Elgin
",Stanford Research Institute|OTS|Agency|APB|SRI|ORD|Release|the Palo Alto Medical Clinic|CIA|CTS/BAB,"New York City|Palo Alto
Clinic"
CIA-RDP79-00999A000300100014-6.txt,,,experiment_results,505,1,03/06/24|27 November 1974,,Patricia Hearst|Puthoff|Targ|Pat Price|Price|E,"AO|Stanford|Institute (SRI|Stanford University|SRI|CIA|Hearst|the Clandestine Service|Targ|the
Electronics and Bio",the Alameda County District|San Francisco|Alameda
CIA-RDP79-00999A000300100015-5.txt,,,experiment_results,1899,3,03/06/24|16 October 1974,,"Puthoff|R. Targ|H.
Puthoff|Targ|r. Targ|D.E.|J. Ball",CIA|Review of Stanford Research Institute|SRI|OTS|LO 9|TB|D.E.|D.E|ORD/LS|Approved For Rglease 2003/06/24,Project|Menlo Park|California|H.H.|Palo Alto City|P.C.|Xerox|Washington
CIA-RDP79-00999A000300100017-3.txt,,,experiment_results,254,1,03/06/24,,Puthoff,CIA|Stanford Research Institute,San Francisco|Costa Rica
CIA-RDP79-00999A000300100018-2.txt,,,experiment_results,3626,7,03/06/24|18 June 1974|1 July 1974,,Mssrs|Puthoff|.01|Cox|Yevel|and/or GSR|c. Mid-Paranormal-Experiment Testing|Operational|c. Clairvoyance-ESP|a. Status,Stanford Research Institute|Summary|Puthoff|Targ|SRI|Release 20ggpdira|CIA|NASA|EEG-Remote Stimulus|Strobe Light,Criteria|j.e.|a(3|SRi|Plethysmograph|Reporting|New York
CIA-RDP79-00999A000300100020-9.txt,,,correspondence,44,1,03/06/24,,Approved Fay Release 2003/06/24|¢,CIA,
CIA-RDP79-00999A000300100021-8.txt,,,experiment_results,301,1,03/06/24|17 June 1974,,,CIA|yyt4|NPIC|NED|SRI|OSI,reluctan
CIA-RDP79-00999A000300100023-6.txt,,,correspondence,165,1,03/06/24,,Researcn|Wilhelm|Anderson|H. Puthoff|R.|Puthoff|Whilhelm,CIA|Stanford|Institute (SR!|Time|T:.me|SRI|anc,
CIA-RDP79-00999A000300100026-3.txt,,,experiment_results,191,1,25 January 1974|03/06/24|7 February 1974,,,"CIA|RECORD|ORD/LS|SW|Examplars of SW|Memorandum

Approved For Release 2003/06/24-",
CIA-RDP79-00999A000300100027-2.txt,,,correspondence,109,1,03/06/24|4 February 1974,,Quy|Duckett|Steininger,"SG 1|McMahon

Approved For|CIA",
CIA-RDP79-00999A000300100028-1.txt,,,research_report,817,1,03/06/24,"Officer will be The estimated cost for the
proposed effort is ","E. Duc
Deputy","Release 2003/06/%¢{fhia|Central Intelligence

SUBJECT: Office of Research and Development|Office of Technical Service Paranormal
Perception Research Project|Stanford Research
Institute|Research|the Office of Technical Service|OTS|the Statement of Work|Release 2003/06/24|CIA",
CIA-RDP79-00999A000300100029-0.txt,,,research_report,869,1,04/12/01|04/12/04,Officer will,Kenneth Kress|Jimitations,"Central Intellisense

SUBJECT : Office of Reasearch and Sevelepuent|Office of Tachnical Sarvite Paranormal
Fercertion Research Project|Staaferd Resed|rch
|Research and Development|the Office of Technical Service|CTS|the Statement of York|Release 2004/12/01|CIA",
CIA-RDP79-00999A000300100030-8.txt,,,research_report,824,1,03/06/24,"Officer will ae The estimated cost for the
proposed effort is ","Buckett
Dingiy","Central Intelligence

SUBJECT: Office of Research and Development|Office of Technical Service Paranormal
Perception Research Project|Stanford Research
Institute|the Office

of Research and|the Office of Technical Service|OTS|the Statement of Work|CIA|tne
|Office of Research and Development",
CIA-RDP79-00999A000300100032-6.txt,,,research_report,838,1,03/06/24,"Officer will be The estimated cost for the
proposed effort is ",Tron Gevernment|Cabby,"Central Intelligence

SUBJECT: Office of Research and Development|Office of Technical Service Paranormal
Perception Research Project|Stanford Research
Institute|Research and Development|the Office of Technical Service|OTS|the Statement of Work|CIA|tne
|Office of Research and Development",
CIA-RDP79-00999A000300100034-4.txt,,SECRET,experiment_results,84840,169,03/06/24,,"Harold E. Puthoff|Russell Targ
Electronics|Earle Jones|Cipher Machine Analog|Geiger Counter

b. Experiments|PB BP|Se LL|DD MON DU|Summarize|H.E.
Puthoff","Releagg|CIA|Price|Puthoff|Ph.D.
Senior Research Engineer|Radio Physics Laboratory|STANFORD RESEARCH INSTITUT C|AWN|al

Final Report|Director
Electronics and Bioengineering Laboratory

Bonnar Cox","Menlo Park|California|IA|Semipalatinsk|USSR|Costa Rica|Palo Alto City Hall|Plaza|West Virginia|Mountain
View"
CIA-RDP79-00999A000400010001-9.txt,,,other,1033,2,03/02/27,,Teer|Lhe U.S Enboecsy|Lee Hace UE Bagg|Ata Aint|Le|Petey Argun|Approved Bor Release 2003/02/27|Keene,"CIA|Avede|Release 2003/02/27|SG1I
mel ple”|Firackiggio
Me|Mayen|Beco|G
Ae|Ogu 7

SG1A|SS",finan|Lewtan|SRL|FR|Manele|LA
CIA-RDP79-00999A000400020001-8.txt,,,experiment_results,1803,3,02/10/21,,"Ce C. Dighy

Fr Bale Port|Morne|Yrois George|Statute Miles|Roches Salamanca|Se

KERGUELEN ISLAND|TRAVELING TARGET TEAM

A|oP y
- y
|E.P.P.S.|AUDIOMETRIC","CIA|CAubert|IPS|KERGUELEN
C. Bourborr|Boynes|Each Target Location for Experienced Subject Price|Associated

Distance|Stanford|Picnic|Lone-Distance","Sha|France|Palo Alto

Radio|Redwood City|Fremont|Palo Alto

Arts|Menlo Park|Palo Alto|USSR|Costa Rica"
CIA-RDP79-00999A000400030001-7.txt,,SECRET,experiment_results,43506,87,03/03/10,,"HAROLD E. PUTHOFF|RUSSELL TARG
Electronics|Harold E. Puthoff|Russell Targ
Electronics|Earle Jones|Cipher Machine Analog|Geiger Counter 106
b. Experiments|L107
c. Experiments|Relea|Reledbl NLA SSL BE","Release|CIA|COPY NO|STANFORD RESEARCH INSTITUTE|SSN|Director
Electronics and Bioengineering Laboratory

Bonnar Cox|Information Science and Engineering Division|EC|West Virginia Site|Operational Target","Menlo Park|California|Semipalatinsk|USSR|Costa Rica|DU|Palo Alto City Hall|Plaza|West Virginia|Mountain
View"
CIA-RDP79-00999A000400040011-5.txt,,,remote_viewing,40,1,7/9/74|03/03/28,,,CIA|PNUTS|VIEWER,
CIA-RDP79-00999A000400040012-4.txt,,,remote_viewing,40,1,7/10/1974|03/03/28,,"7/10/1974

Approved",CIA|PNUTS,
CIA-RDP79-00999A000400040013-3.txt,,,correspondence,33,1,9/19/1974|03/03/28,,"9/19/1974

Approved",CIA|DRILL PRESS BEACON/RUSSELL TARG|VIEWER HELLA HAMMID,
CIA-RDP79-00999A000400050001-5.txt,,,experiment_results,1162,2,02/11/13,,nace mene|Gis|Rorschach|Ernest Hilgarde|Dy medi|thie needn|Claas Pre UoRssABOOAOdORO|Tour,"CIA|CNS|PO EEY|OL|ZB

Visual A- Check|A-~ Fiicker-Fusion|OPT|Stanford|Dynamometer
Opthomological|Sensory Evaluation",Synesthesia|Allport-Vernon|c.g.
CIA-RDP79-00999A000400050002-4.txt,,,experiment_results,2888,5,02/11/13,"SCANATE

Exploratory Research in Remote Viewing

As a result of the experimentation carried out on what might be
termed micro","Lano|Approved|W Volcano|H.E.
Puthoff|I. Swann|CA|Pat|Pat Response|S.E.|R.J. Hamilton","CIA|Project SCANATE

Exploratory Research|Swann|SRI|STANFORD RESEARCH INSTITUTE|SWANN|ENE|H
Cocean|Nike|Fig",W Ocean|Lake|Victoria|Iceland|Soviet Union|E City|Lake Eyre|Australia|Virginia|Menlo Park
CIA-RDP79-00999A000400050004-2.txt,,SECRET,experiment_results,231,1,02/11/13,,Pat Price|Pat|Morgan|Impossible|False,CIA|Morgan|American Air Force|the Air Force|Determine|Partly True,Beirut
CIA-RDP79-00999A000400050005-1.txt,,UNCLASSIFIED,experiment_results,907,1,02/11/13|3 July 1974,,"Patrick Price|Yor|AL

Page","-1|ANC|ADDRESS|PHONE|SG1I

Approved|CIA|OTS|BAB|SGi1I|ORD",
CIA-RDP79-00999A000400050006-0.txt,,CONFIDENTIAL,remote_viewing,696,1,"02/11/13|29 April 1975|31 January
1975|26 April 1975",,Patrick H. Price|Grid Coordinates|Pat|Price,BAB|OTS|Agency|CIA|R & D.|Personality|PEQ,Scientology
CIA-RDP79-00999A000400050009-7.txt,,SECRET,correspondence,615,1,03/02/27|29 May 1975|21 May 1975,,Patrick Price|Price|Jack Vorona|Vorona,CIA|OFFICER|BAB|Agency|DIA|OTS|SG1I|SRI|Board|THA,
CIA-RDP79-00999A000400050010-5.txt,,,experiment_results,244,1,02/11/13,,,"CIA|Results
SRI Report|Neuropsychological

Information|Evoked Potential",West Virginia|USSR|Costa Rica|New York
CIA-RDP79-00999A000400050011-4.txt,,CONFIDENTIAL,experiment_results,1548,3,02/11/13|02/11/43|2 August 1972|6/17/98,,Puthoff|Ingo Swann|vritias vou|Iam|Pantell|Puthoff£|Gertrude S@msecidler|Arthur Nebbard|Tey|Said,"joe
r|BAB|Applied Physics
Branch|D&E|Puthoff|Life Sciences
Division|Life Sciences|RESEARCH INSTITUTE|Russeli Targ|Ishoratory",MENLO PARK|Wiley|New York
CIA-RDP79-00999A000400050012-3.txt,,SECRET,experiment_results,3177,6,02/11/134|02/11/13,,"chEGR Eobooncnenaowsvetz-s

Interim Engineering Report|HAROLD E. PUTHOFF RUSSELL TARG|TR|Quadrangle|Sketches|Grant|Puthoff|Aithough|otmaut jue gone
|crresidtiys cho",STANFORD RESEARCH INSTITUTE|CIA|RET|Resolution Experiments|Pilot Alphabet Experiments|Automated Alphabet Experiments|Long Distance Experiment with Teleconferencing|Arctic Experiments|Pilot Study|IV CONCLUSIONS .....,Menlo Park|California|New York-Dayton Long-Distance Experiment|Palo Alto Used|New York City|New York City Target|USSR|New York|the Soviet Union|Subject I1
CIA-RDP79-00999A000400050014-1.txt,,SECRET,experiment_results,2180,4,16 November 1977|04/02/07|04/07/07|7 August 1977|17 November 1977,,"David Brandwein|Pat Long|Pat Price|Patrick Price|COm-|Kathys Farms|David L.
Francis|ron
Up|Ingo Swann|Lol OTS","SG1I

Approved|CIA|OTS|BAB|OTS Involvement|the House
Permanent Select Committee on Intelligence|Committee|O'Neil Committee Staff|the Washington Post|Agency","Huntington|West
Virginia|Menlo Park|California|Burbank|Computers"
CIA-RDP96-00787R000100010001-1.txt,CIA-RDP96-00787R000100010001-1,,experiment_results,15212,30,12 March 1974|00/08/10|1 March 1974,,Harold E|talkie|Patrick H|Hella Hammid|Duane Elgin|SG1I Po|Karl Pribram|Robert Ornstein|Donald Lim|Jerry Lukas,"SA|AER AAS|ER|Stanford Research Institute|Puthoff

Client|CIA|SRI|EEG|PO|SGi1I",Peak|H.H.|Palo Alto|Menlo Park|California|BB|Tig|Faraday|New York|SRL
CIA-RDP96-00787R000100020001-0.txt,CIA-RDP96-00787R000100020001-0,,experiment_results,18545,37,00/08/10|1 August 1974,"Atlas Remote Viewing

A remote","Harold E. Puthoff

Client|cL.|Herold E. Puthett & Russell|s Laafioer
SUBS|Fert Dro - RESIERCE|enema mer|LALO LEE Pete|Ain Se|Puthoff|G3SN","MER|RESEARCH INSTITUTE

SRI|Stanford Research Institu|CIA|CiA|DOC|Puthoff & Ruseell Terg|FECHNTQUES|Finel Report|Sc",Menlo Park|California|rome|Costa Rica|LADYVL|SV|SAN ANDRES|HP.|ewe|WA.I.S.
CIA-RDP96-00787R000100030001-9.txt,CIA-RDP96-00787R000100030001-9,,experiment_results,7106,14,00/08/10,,"Harvey Brooks|Raymond|G. Heath

Thousands|Raymond J. Iloek
How|Cerald Feinberg|R. Merton Love|Michacl W. Berns|Donald E. Rounds|Gerard Picl|Dennis Flanagan",CIA|AFAR|PHOSPHENES|Cerald Oster|AUTHORS|MATHEMATICAL|AMATEUR|Armand Schwab|Production Managers|GenzRat,U.S.|CANADA|K~|Relea
CIA-RDP96-00787R000100030002-8.txt,CIA-RDP96-00787R000100030002-8,,remote_viewing,6557,13,,,"Henry IV|Charles Tart|Astronaut Edgar

Mitchell|Arthur Koestler|Koestler|Durham|Robert Morris|Appovédsk|noClALRDR8O0078|J.B. Rhine","COVER STORY

Boom Times|The Secret Life|greenery|Greck|Eastern|the New Scientist|the University of California|Defense|Advanced Research Projects
Agency|the Stanford Research Institute",America|US|New York City|England|Los Angeles|Washington|Philippines|U.S.|U.S.S.R.|California
CIA-RDP96-00787R000100050001-7.txt,CIA-RDP96-00787R000100050001-7,,experiment_results,8514,17,03/04/18|24 April 1974|1 April 1974,,"Harold E. Puthoff

Client|Tony|Lo|Donald Lim|Lim|Reitan|Robert Ornstein|mm|Josephson|Neem",Stanford Research Institute|SG1I|CIA|H.P.|B. Basic Research|Administration Hospital|Halstead-Reitan|EEL|ERENT|Langley Porter Neuropsychiatric Institute,Costa Rica|Palo Alto Veteran's|aly|San Francisco|Palo Alto|M.D.|Harvey|Thomas|Springfield|Luria
CIA-RDP96-00787R000100070001-5.txt,CIA-RDP96-00787R000100070001-5,,experiment_results,2766,5,"30 August 1973|00/08/10|10
September 1973",,"H. Puthoff|R. Targ|Uri Geller|Ingo Swann|Puthoff|Targ|aeerefeco|Geller|-——=-=——-tSSSSSSs|Luy J

Approved","Stanford Research Institute|SRI|DD/ORD
SGil ORD/LSB
C/ORD/LSB|ORD|OSI|CBS|AC/OTS/D&E

C/OTS|Release 2000/08/10|CIA|EEG",Gaa0
CIA-RDP96-00787R000100080003-2.txt,CIA-RDP96-00787R000100080003-2,,experiment_results,1928,3,00/08/10,,"Russell Targ|David B|Russell Targ

David B. Hurt

Parapsychology Research Group Inc.|J. Pratt|J. B. Rhine|J. Greenwood|Henry Holt|S. Soal|F. Bateman|L. L. Vasilliev",Release 2000/08/10|CIA|PASS|FSP|linear|C. Stuart|Modern Experiments|ISMI Publications|J. Parapsychology|Science,NORTH CAROLINA|Palo Alto|California|New York|Telepathy|London|Mental Suggestion|Hampshire|England|Release-2000/08/10
CIA-RDP96-00787R000100090001-3.txt,CIA-RDP96-00787R000100090001-3,,experiment_results,249,1,03/09/09,,SG1I,"CIA|STANFORD RESEARCH INSTITUTE
MENLO PARK|SG1I",
CIA-RDP96-00787R000100090002-2.txt,CIA-RDP96-00787R000100090002-2,,experiment_results,4451,8,03/09/09,,"Rateasé|i.e|Mrmr|EY CNT TN|vba cea|Mbabane Pak|Sour 1

Seung|Ee Allene|Yrelatively|Lawrence LeShan",CIA|Relgabe|CHRERER|i Direct Knowing|NAN|psychologically-=|Loosening|time)--|SAY ec AENEAN|ET ED RO,Figure|Precognitive-~The|ORAM|Set|LeShan|rome
CIA-RDP96-00787R000100110001-0.txt,CIA-RDP96-00787R000100110001-0,SECRET,experiment_results,3046,6,00/08/10|18 October 1974,,Harold E. Puthoff|Russell Targ|Earle Jones|Releasd 2PUQDB/ANS|Ste Che|ASNOdS3Y LOArANS|Jaipez|Burnjiom|JO|Useq BABY,"STANFORD RESEARCH INSTITUTE

|Electronics and Bioengineering Laboratory|SRI Project|MOZE|ON
Impossible|Information Science and Engineering Division|NATIONAL SECURITY|Criminal Sanctions|CIA|SRI",Menlo Park|California|USSR|XOH3SX|NOILVDOT|LIDYVL
CIA-RDP96-00787R000100120001-9.txt,CIA-RDP96-00787R000100120001-9,SECRET,research_report,54240,108,"31 January 1972|04/08/08|72
July 1972|04/08/02",,"John D. LaMothe|err n rte|APPENDIX IV - The ""|err cr|L.L. Vasilev|Edward Naumov|G.A. Sergeyev|N. Kulagina|Phenomenon|Belea","CIA|CAPTAIN|MEDICAL SERVICE CORPS

SHORT|Information Cut-off|the National Defense of

the United States|a Department of Defense Intelligence Document|Medical Intelligence Office, Office of The Surgeon General|Army|the Directorate for Scientific and Technical
Intelligence of the Defense Intelligence Agency|MLO",US|Washington|Northern Ireland|the Soviet Union|USSR|Psy|Kirlian Photography|The Soviet Union|Us|Northem Ireland
CIA-RDP96-00787R000100130001-8.txt,CIA-RDP96-00787R000100130001-8,,experiment_results,10164,20,00/08/10|1 October 1974,,"Harold E. Puthoff
Russell Targ
Electronics|Grey|Zigzag|Gerald Feinberg|Appendix A.|Puthoff|Pane Bin ta

Fo|eM PrioaA|sun|hoodie",Stanford Research Institute|CIA|Mid-Experiment Interrogation|SRI|H.P.|R.T.|Subject S-4|Subject S-3|MID-EXPERIMENT QUESTIONING|Hill,R.T|Palo Alto|New York City|New York|CU|GfA|Trainer|Vievo|Parapsychology|Geneva
CIA-RDP96-00787R000100130002-7.txt,CIA-RDP96-00787R000100130002-7,,correspondence,33,1,00/08/10,,,CIA|Release 2000/08/10,
CIA-RDP96-00787R000100130003-6.txt,CIA-RDP96-00787R000100130003-6,,precognition,5024,10,00/08/10,,"G. Feinberg

Department of Physics|N. Y. 10027|TN Se eepe EMR|evea|x.|Newman|Ro PUT MACE FE|¢o Eq|PY wR|Segoe","CIA|Columbia University|Quantum Physics|Parapsychology

Geneva|ER SELON TP Pe CCT|xnown|AE|TArouga|SRR|EMIS SI",New York|Switzerland|S54|NE|Pinon|ER
CIA-RDP96-00787R000100140001-7.txt,CIA-RDP96-00787R000100140001-7,,experiment_results,2011,4,00/08/10|14 February 1973,,"Ingo|Swann|Uri Geller|Geller|Loy|| a. given|Russell Targ|Harold Puthof|Lawrence Pinneo|ER Hef

Russell",CIA|ISU|the American Society for Psychical Research|Swann|Stanford University|Stanford|Bell|RA|Anvestigators|Electron,Washington|Arlington|Virginia|Hz
CIA-RDP96-00787R000100150001-6.txt,CIA-RDP96-00787R000100150001-6,,experiment_results,14663,29,00/08/10|00/08/40,"Parapsychological and Paraphysical Phenomena Responsible Investigator

RESEARCH SUPPORT |PERIOD ","Ravenswood Ave|CA|A.CINO|Wha DSP Taaliah|WR|Bete|Contract Admin|acd BpfOVER Fo
PHS-398
Fev|Lo ApprovedFranieiggs|Harold E. Puthott","Form Approved
SECTION|Budget Bureau|ge|TYPE|REVIEW GROUP

COUNCIL|Techniques To Enhance Extraordinary Human Perception|PRINCIPAL|INVESTIGATOR|Targ, Russell|State",Menlo Park|California|U.S.|Chicago|Illinois U.S.A.|Brooklyn|New York|N.Y.|Sylvania|Vol
CIA-RDP96-00787R000100180001-3.txt,CIA-RDP96-00787R000100180001-3,,experiment_results,4180,8,00/08/10|15 January 1973|22 February 1973|28 August 1972|1 December 1972,,H.E. Puthoff|Russell Targ|Ingo Swann|Uri Geller|Swann|Geller|sianiord Xes,STANFORD RESEARCH INS|CALIFORNIA|CIA|Proposal for Research SRI|Biofield Measurements Program|A. Probability 1/3|Swann|Release 2900/08/10|linear|Student,MENLO PARK|Boulder|Colorado
CIA-RDP96-00787R000100190001-2.txt,CIA-RDP96-00787R000100190001-2,,research_report,23785,47,03/09/10,,Edgar D. Mitchell|Girect|Wainwright House|Uri Geller|Sawin|Caotain Edgar D. Mitchell's|Mitchell|Geller|Researcen Plan|Appr,"CIA|RESES|XIsge|USN|Henry (Andriva) Puharich, M M.D.|MOF

Sp Ba|SGI1I

Appioved|Exploxing the Inergy Pields of Mon|the Twentieth Armual International Conference|St. Paul Ge Vence",Rye|New York|A.M. France|New Yor|Poharich|M.D.|Giscover|USSR|USA|Wolboerg
CIA-RDP96-00787R000100200002-9.txt,CIA-RDP96-00787R000100200002-9,,psychokinesis,4346,8,00/08/10,,"William A. Tiller

Approved|Adamenko|Kirlian|mm Hg|Sergeyev|ge mera Fee

|AP Sen|Elarfae|Glass|Dy Beet","CIA|the General Technical Report|Technical Data

l. Kirlian Photosraphy

|Fig|sec|A.C|electron|The H.F.
Signal|AgBr|Approved For Release 2000/08/10",Russia|Tobiscope|A.C.|D.C.|England|Kirlian|Coe Upenze|Scilersie|NaS
CIA-RDP96-00787R000100210002-8.txt,CIA-RDP96-00787R000100210002-8,,correspondence,149,1,03/09/10,,Ridin,"NE|OEE|APRS|OTS|ORE|RESEARCH
~~ CS7SK|OBJECTS|CIA",
CIA-RDP96-00787R000100220001-8.txt,CIA-RDP96-00787R000100220001-8,,experiment_results,5167,10,01/03/07,,"Harold E. Puthoff|Russell Targ

|Uri Geller|Pat Price|Geller|Grass|H. H.|Siegel|Judith Skutch|Edgar D. Mitchell",STANFORD RESEARCH INSTITUTE|Stanford Research Institute|NATURE Magazine|CIA|EEG|Geller|ref|SRI|Fig|Numbers 5-7,Menlo Park|California|Faraday|H.H.|New York City|Rhine|New York|London|Hampshire|England
CIA-RDP96-00787R000100220002-7.txt,CIA-RDP96-00787R000100220002-7,,research_report,350,1,01/03/07,,Ronald|Elizabeth deAtley|Stan DeVaughn,"STANFORD RESEARCH INSTITUTE

Vil TZ|Deutsch, Ext.|3754
Home|Ext|SRI|the U. S.

government|Institute|CIA|Stanford University",the United States|Menlo Park|California|Calif.|San Francisco
CIA-RDP96-00787R000100220003-6.txt,CIA-RDP96-00787R000100220003-6,,experiment_results,1699,3,01/03/07,,Ronald|Harold Puthoff|Russell Targ|--Uri Geller|Geller|Puthoff|Targ,"Dae STANFORD RESEARCH INST|Renner EE NEWS|Deutsch, Ext.|3754
Home|Ud 1's|Ext|Stanford Research Institute|CIA|NATURE|research--","Menlo Park|Calif.|California|Shielded|Geller|San Francisco|Menlo
Park|Opaque|New York City|Palo
Alto"
CIA-RDP96-00787R000100220004-5.txt,CIA-RDP96-00787R000100220004-5,,experiment_results,864,1,01/03/07|01/03/04,,Ronald|Elizabeth deAtley|Stan DeVaughn|Harold Puthoff|Russell Targ|Geller|Price,"STANFORD RESEARCH INSTITUTE|Deutsch, Ext.|3754
Home|Ext|NATURE ARTICLE

QUESTIONS|SRI|the U. S.|Price|Release 2001/03/04|CIA",England
CIA-RDP96-00787R000100220005-4.txt,CIA-RDP96-00787R000100220005-4,,research_report,201,1,01/03/07,,"Puthoff|M.S. E.,","STANFORD RESEARCH INSTITUTE|SN|quantum physics|Electrical
Engineering and Applied Physics|Stanford University|SRI|the Department of Electrical
Engineering|Stanford|Raman|the University of Florida",Menlo Park|California|Chicago
CIA-RDP96-00787R000100220006-3.txt,CIA-RDP96-00787R000100220006-3,,research_report,214,1,01/03/07,,Russell Targ|Targ,"STANFORD RESEARCH INSTITUTE

|SRI|the Institute of Electrical and Electronics
Engineers|the American Physical Society|CO|Parapsychology Research Group Inc.|Queens College|Columbia University|CIA",Menlo Park|California|Palo Alto-|New York|B.S.|Chicago
CIA-RDP96-00787R000100250001-5.txt,CIA-RDP96-00787R000100250001-5,,research_report,328,1,15 June 1977|00/08/10|1 July 1978,,D. G. 20505|Harry L. Snyder|Oia s,"CIA|Systemetrics, Inc.|Attachment 3|Ph.D.
Corporate Scientist|ForiRelease|Gle-BOR6,007858000100250001",Washington
CIA-RDP96-00787R000100250002-4.txt,CIA-RDP96-00787R000100250002-4,,experiment_results,683,1,00/08/10|1 July 1978|1 March 1978|1 January 1979|15 June 1977,,Release GUNS]|necessar,"ApprovedtFar|Systemetrics, Inc.|the Central Intelligence Agency|the Committee for the Investigation of the Paranormal|CIA|Milestones

Contract Go-Ahead|Submit Report|SGFOIA2
Approved For",U.S.
CIA-RDP96-00787R000100250004-2.txt,CIA-RDP96-00787R000100250004-2,,correspondence,88,1,00/08/10,,"Harry L. Snyder|Drs|Walter
W. Wierwille|Robert C. Williges","Corporate Scientist of Systemetrics, Inc.|Principal Investigator|Williges",Wierwille
CIA-RDP96-00787R000100250006-0.txt,CIA-RDP96-00787R000100250006-0,,correspondence,242,1,03/04/18|03/44/18,,FpP Release|Joe|Harry L. “Snyder|eckop urg|SG1B Approved,"CIA|SGi1I|University|Ph.D.
Corporate Scientist|Appreved For Re|Drawer S",D.C.
CIA-RDP96-00787R000100250011-4.txt,CIA-RDP96-00787R000100250011-4,SECRET,administrative,612,1,00/08/10|30 September 1977|25 April 1977|15 July 1978|28 February 1978,,"Pad ra|Arlene G. Snyder|Harry L. Snyder|st tt

EXEMPT FROM GENERAL","Ph.D.
Research Associate Corporate Scientist|PARA|CIRCLE|AUTOMATICALLY|Release|IMRBPYCREIRD|Post Office Drawer S|Systemetrics|CIA",prc|Blacksburg|Virginia|Sponsor|U.S.
CIA-RDP96-00787R000100250012-3.txt,CIA-RDP96-00787R000100250012-3,,research_report,1865,3,15 August 1974|00/08/10|14 January 1976,,"R. H.|Bartlett|L. E.|J. B. Field|Douglas, A. Extra-sensory|Victor Gollancz|Foster|J. G. Enquiry|Geller|C. Qut-of-the-","CIA|lLondon|Reader's
Digest|IEEE Intercon Technical Paper|Stationery Office|The American St. Hill Organization|The American St. Hill
Organization|Koestler, A. Roots|Random House|Electronics World",London|England|Scientology|New York|New York:|Holroyd|Garden City|N.Y.|Doubleday|Los Angeles
CIA-RDP96-00787R000100250013-2.txt,CIA-RDP96-00787R000100250013-2,,experiment_results,1817,3,03/04/48|21 September 1977|03/04/18,,I. Allen|S.|Cohen|Goolsby|C.|Morris|R. L.|W. G. Roll|R. L. Morris|N. J.:,"Release|Systemetrics|SRI|J. D. Morris|Ed|Research|RLM|CIA|Systemetrics, Inc.|Post Office Drawer S",Green|Rucker|Metuchen|pp|Blacksburg|Virginia|Bisaha|Washington|D.C.|Chicago
CIA-RDP96-00787R000100250019-6.txt,CIA-RDP96-00787R000100250019-6,SECRET,administrative,258,1,00/08/10,,"Harry L. Snyder

Subject|§ SBCA","CIA|Systemetrics, Inc.
|Post Office Drawer|Contractor|Octoher 1978|OG|SECURITY|SG1I
Contracting Officer|SYSTEMETRICS|THC",Blacksburg|VA
CIA-RDP96-00787R000100250021-3.txt,CIA-RDP96-00787R000100250021-3,,research_report,8040,16,00/08/10,,"Harry L. Snyder

SGFOIA3

Brown University|Anam|S. H.|H. L.|W. EF|S. Hl|W. E.,|S. H. Saccharine|H. L. Saccharine|R. G.","CIA|The Johns Hopkins University|Johns Hopkins University|Brown University|Graduate|The Johns Hopkins University
Instructor, Peabody Institute|Instructor|Colgate University|California State College|University of Southern California Institute of
Aerospace Operations Management

Associate Professor",Baltimore|Maryland|Blacksburg|Virginia|Autoneclics|Anaheim|California|Autonetics|Seattle|Downev
CIA-RDP96-00787R000100260002-3.txt,CIA-RDP96-00787R000100260002-3,,research_report,201,1,00/08/10,,,Release 2000/08/10,U.S.
CIA-RDP96-00787R000200010003-8.txt,CIA-RDP96-00787R000200010003-8,,experiment_results,9190,18,00/08/10,,"PAGE|Je P.» Girard|de P.
Girard|PAGE 3|J.
P. Girard|J. Pe Girard|Cther|J. P.

Girard|J. Rauch|Be","CIA|Pechiney Uqine Kuhimann|J. Forvais|Pechiney Aluminum Research Center|Voreppe

PRTECEUCTION|tSee Sclences|CLENTIF|d. BP|Girard|Yearbook",Earis|Magician|demcnstraticns|opinicns|uS|diametar|Jt|B. Dukost|Pewee|BB
CIA-RDP96-00787R000200010004-7.txt,CIA-RDP96-00787R000200010004-7,,research_report,1551,3,00/08/10,,"Charles T. Tart

University of California|TO meng|FP","UIEY Poe

Association|the Level of Research Funding|Defense Intelligence Agency|DST-
18108-387-75|Czechoslovakian Parapsychology Research|parapsychologi
cal research|CIA|the Parapsychological
Association|Times|Tart",St. Louis|U.S.S.R.|U.S.A.|U.S.
CIA-RDP96-00787R000200010005-6.txt,CIA-RDP96-00787R000200010005-6,CONFIDENTIAL,experiment_results,3889,7,00/08/10|19 October 1974|18 October 1974,,"° °° °°»

~|Puthoff|Targ|Jones|enn sscmaey|RV TM|Completed|Completed f°|Subject Medical/ Sensory|Dr Armbruster",CIA|MEO|Researcht Sci|SG1I|ots|ORD|Cox|SRI|SGI|Nature,Washington|San Francisco|cards)(ID=10|RV|DC|P.R#t
CIA-RDP96-00787R000200010006-5.txt,CIA-RDP96-00787R000200010006-5,UNCLASSIFIED,telepathy,87,1,03/09/10,,Ue Slee,ADPTOVGE|YBDF|SG1I|ADDRESS|PHONE|CIA,
CIA-RDP96-00787R000200010007-4.txt,CIA-RDP96-00787R000200010007-4,,experiment_results,15397,30,00/08/10|1 August 1974,"Atlas Remote Viewing

A remote","Harold E. Puthoff

Client|meme meng|Puthoff|LV NIVYHAL|H.P.|ZIGZAG|ZIGZAG CHANNELS.|PRECISELY CORRECT|Azimuth Bearing|Robert Armbruster","§ sTANFORD RESEARCH INSTITUTE

|Stanford Research Institute|CIA|Project Atlas Remote|SN|SS

//|SRI|H.P.|H.P|SSHGNV NVS NI LYOduIV",Menlo Park|California|Costa Rica|R.T|JAOYUVL|SAN ANDRES|this.;way|VERTICALLY|basis’of|W.A.I.S.
CIA-RDP96-00787R000200010008-3.txt,CIA-RDP96-00787R000200010008-3,,correspondence,185,1,30 August 1973|03/09/10,,H. Puthoff|Uri Geller|Ingo Swann|Puthoff|Targ|Copy,"Stanford Research Institute|stanford Research Institute|Limited|SRI|ORD|orp/usBL___——d SG|C/ORD/LSB
ORD/COT|SGI1I|BSB|OST/CBS",
CIA-RDP96-00787R000200010009-2.txt,CIA-RDP96-00787R000200010009-2,,experiment_results,2572,5,00/08/10,,Uri Geller|Geller|Puthoff|Figs,FagRelease 2000/08/10|CIA|RUG RAM|EEG|the Life Sciences Division|Figs|Geller|Targ|Apple|the Ten Commandments,Panne|Opaque
CIA-RDP96-00787R000200010010-0.txt,CIA-RDP96-00787R000200010010-0,UNCLASSIFIED,experiment_results,3006,6,00/08/10|18 October 1974,,"Harold E. Puthoff|Russell Targ|Earle Jones|SS IELED 200010010-0|su che|Gulypewos|Guljsom|JUaUIWOp
~aud|Gav OL|JO ONIMVYHC Loarans","STANFORD RESEARCH INSTITUTE|SSN|CIRCLE|ON
Impossible|ial Electronics and Bioengineering Laboratory|Bonnar Cox|Information Science and Engineering Division|NATIONAL SECURITY|CIA|EES",Menlo Park|California|trans-Atlantic|USSR|asaup|Hurjaay|Welqns|LADYVL
CIA-RDP96-00787R000200010011-9.txt,CIA-RDP96-00787R000200010011-9,CONFIDENTIAL,telepathy,62,1,03/09/10,,,CAF|OFFICIAL ROUTING SLIP|SG1I|CIA,
CIA-RDP96-00787R000200010012-8.txt,CIA-RDP96-00787R000200010012-8,,experiment_results,2995,5,00/08/10|18 June 1974,,"Puthoff|Mr Cox|.01|aeTT|and/or GSR|Hilton Header|Jume Dr
Puthoff|Reneteae|RA ATU ect|Dr Puthof?f",Mssrs Jones|Targ|SRI|NASA|CIA|EEG-Remote Stimulus|Strobe Light|Iaser-Monitored|ORY|stim aee rine,Criteria|a(3|Plethysmograph|New York
CIA-RDP96-00787R000200020001-9.txt,CIA-RDP96-00787R000200020001-9,,research_report,377,1,20 February 1976|03/09/10,,DALE E. GRAFF-4RG$|David S. Brandwein,"CIA|OTS|STANFORD|OQURF OFFICE|ADVISE|Ter-Frral|Research and Development

SUBJECT:|Stanford Research Institute Parapsychology
Research|SRI|ORD",ELDSSiLeyrie Va|USSR
CIA-RDP96-00787R000200020002-8.txt,CIA-RDP96-00787R000200020002-8,,telepathy,39,1,,,,"SG1I

Fors|ADDRESS|PHONE|GPO",
CIA-RDP96-00787R000200020003-7.txt,CIA-RDP96-00787R000200020003-7,,research_report,367,1,17 February 1976|23 February 1976|03/09/10,,"Aare P96-00787R000200020003-7
NAVY -SG|Perrrey",SG1I|CIA|OTS|BAB|the U.S. Navy|SG|U.S. Naval Intelligence|Navy|Agency|Stanford Research Institute,California
CIA-RDP96-00787R000200020004-6.txt,CIA-RDP96-00787R000200020004-6,,correspondence,23,1,03/09/10,,-0 000200020004-6,CIA-RD|CIA,
CIA-RDP96-00787R000200020005-5.txt,CIA-RDP96-00787R000200020005-5,SECRET,research_report,283,1,03/09/10,,PAGE Bi-Oi|DALE E. GRAFF/XRQ,"Refamsée|CIA|SEC|Ol-Cie|FTD WPAFB UH/XRQ|CIA WASHINGTON DC/DDST/OTS|ST/CARL DUCKETT|OTS|STANFORD RESEARCH

INSTITUTE|TUPIC",USSR
CIA-RDP96-00787R000200020006-4.txt,CIA-RDP96-00787R000200020006-4,UNCLASSIFIED,telepathy,71,1,,,,SG1I|INFORMATION|ADDRESS|PHONE|Release 2003/9|GPO,
CIA-RDP96-00787R000200020007-3.txt,CIA-RDP96-00787R000200020007-3,,remote_viewing,2108,4,03/09/10,,Warren Smith|eof|Iron Curtain|Shiela Ostrander|Lynn Schroeder|IV,"WY|the Study of Intelligence
.|DDO|DDS|CIA|the Center for the Study of

Intelligence|U.S. Government Agencies|FBI|Ge|fe & .",Bt|U.S.|the Soviet Union|California|Nebraska|Dallas|Helena|Little Rock|New Orleans|Okiahoma City
CIA-RDP96-00787R000200020008-2.txt,CIA-RDP96-00787R000200020008-2,,research_report,601,1,"9 September 1976|21
September 1976|24 May 1976|03/09/10",,"Captain A. M. Hubbard|George Bush|A. B. Herman|Hubbard|Herman|TWX 919-373-124|Captain
Hubbard|Captain A. M. Hubbard's|Thomas C. Thomas

Director|Captain A. M. Hubbard

Approved","SG1I|STANFORD RESEARCH INSTITUTE

MENLO PARK|CIA|OSS|Government|TCT|STANFORD RESEARCH INSTITUTE",L1SS|Washington DC 20505|U.S.|Ganada
CIA-RDP96-00787R000200020009-1.txt,CIA-RDP96-00787R000200020009-1,,correspondence,98,1,03/09/10,,,RTE ERS SST|CIA,
CIA-RDP96-00787R000200020010-9.txt,CIA-RDP96-00787R000200020010-9,,correspondence,160,1,03/09/10,,M. Hubbard|Harman|Thomas C. Thomas,SG1I|Stanford Research Institute|CIA|OLE|SEP|Orig - Adse|OTS,WASHINGTON|Menlo Park|California
CIA-RDP96-00787R000200020011-8.txt,CIA-RDP96-00787R000200020011-8,,correspondence,33,1,08/09/10,,Atlft REPLACES FORM,CIA,
CIA-RDP96-00787R000200020013-6.txt,CIA-RDP96-00787R000200020013-6,,correspondence,41,1,03/09/10,,,SGI|CIA-ROP9600787RG0020002001|LAI|SG1I,
CIA-RDP96-00787R000200020016-3.txt,CIA-RDP96-00787R000200020016-3,CONFIDENTIAL,research_report,173,1,20 September 1976|7 October 1976|03/09/10,,David S. Brandwein,"SGI|CIA|EO|the Human Resources Committee Research and Development|OTS|Committee|Office of Technical Service

Distribution",
CIA-RDP96-00787R000200020017-2.txt,CIA-RDP96-00787R000200020017-2,,telepathy,62,1,,,,CONCURRENCE|ADDRESS|PHONE,
CIA-RDP96-00787R000200020018-1.txt,CIA-RDP96-00787R000200020018-1,CONFIDENTIAL,research_report,668,1,20 September 1976|13 October 1976|23 September 1976|03/09/10,,"George A. Sumner

|Jean R. Henson|Joe Viadic|L. J. Stracqualursi|John G. Kormann|H. E. Puthoff|R. Targ",SG1I|Human Resources Committee|CIA|OTS|Army|HRD|National Human Resource Plan|SGI|Gene AjROP9S|DDS&T/OTS,California
CIA-RDP96-00787R000200020019-0.txt,CIA-RDP96-00787R000200020019-0,,telepathy,81,1,,,Pee,ADDRESS|OTS|DED 4|PHONE|SG1I,
CIA-RDP96-00787R000200020020-8.txt,CIA-RDP96-00787R000200020020-8,SECRET,research_report,287,1,7 August 1977|16 November 1977|06/12/19|17 November 1977,,| w DEE|xandwein|Pat Long|Pat Price,"CIA|DEC|Permanent Select Committee|OTS Involvement|ESP Research|the House
Permanent Select Commitee on Intelligence|OTS|Committee|O'Neil Committee Staff|U) The Committee's",
CIA-RDP96-00787R000200020021-7.txt,CIA-RDP96-00787R000200020021-7,,remote_viewing,2041,4,03/09/10,,sam OC|Warren Smith|Iron Curtain|Shiela Ostrander|Lynn Schroeder,"CIA|the Study of Intelligence
Office of Training|DDO|DDS &|the Center for the Study of
Intelligence|U.S. Government Agencies|FBI|Approved For Ralgase|A PROPOSED RESEARCH STUDY|I.",U.S.|Ste|the Soviet Union|California|Nebraska|Dallas|Helena|Little Rock|New Orleans|Oklahoma City
CIA-RDP96-00787R000200020025-3.txt,CIA-RDP96-00787R000200020025-3,,correspondence,26,1,,,,MAY BE USED,
CIA-RDP96-00787R000200020028-0.txt,CIA-RDP96-00787R000200020028-0,,research_report,941,1,03/09/10,,"Approved Eat Release|Webster|phaincin|+ krystallos|n.|n. [phenol + phthalein|neut|Peres|n. [phenyl

+|n. [phenyl","CIA|ARMY|RESEARCH|Release|C.W.OH|CHO|3 & 4,|PHENOMENONS|UTLIZCLIG|Phi-al",TT|WASHINGTON|D. C. 20310|Albeit|Cleveland|New York|wangeeseesee|Pennsylvania|Asia Mino|v.t.
CIA-RDP96-00787R000200020029-9.txt,CIA-RDP96-00787R000200020029-9,,correspondence,54,1,03/09/10,,,CIA,Menlo Park
CIA-RDP96-00787R000200020030-7.txt,CIA-RDP96-00787R000200020030-7,,correspondence,94,1,03/09/10,,,"CIA|the Dean of the Engineering Department|Princeton|Radio Physics Laboratory|ec
Enclosure

SRI|STANRES",Menlo Park
CIA-RDP96-00787R000200020031-6.txt,CIA-RDP96-00787R000200020031-6,CONFIDENTIAL,experiment_results,1257,2,03/09/10,,JAMES ERLY|James D. Bray|STRICTLY CONFIDENTIAL|James D Bray|CA 93940|Lo|La Kt|RESEARCH CENTERS WOULD|eer enemnnen abana|aL AaREAeERRe,CIA|NAVY|USN|the Naval Postgraduate School|National Security Affairs|Warsaw Pact|Sial|L/Three Z|L/None Afone £|Formal,Monterey|California|U.S.|£|Germany|The Soviet Union|USSR|WARSAW|Bioplasma
CIA-RDP96-00787R000200020034-3.txt,CIA-RDP96-00787R000200020034-3,,experiment_results,250,1,03/09/10,,H. E. Puthoff,"SG1I
SGFOIA3|SG1I|CIA|Price|Ph.D.
Senior Research Engineer|Radio Physics Laboratory",
CIA-RDP96-00787R000200020035-2.txt,CIA-RDP96-00787R000200020035-2,,research_report,495,1,10/31/77|11 November 1977|10/12/77|03/09/10,,"Charles J. Cook|Ray L. Leadabrand|Ernie Moore|Dave Elliott

Don Scheuch|G. Villard|Allen Peterson|Charlie Anderson|Policy|C. A. Anderson
Draft Policy|D. Johnson Pa
H. Puthoff o~

R. Targ

Approved","CIA|SRI|SAO|the
management council",
CIA-RDP96-00787R000200020036-1.txt,CIA-RDP96-00787R000200020036-1,,research_report,334,1,03/09/10,,,CIA|SRI|IRD,symposia
CIA-RDP96-00787R000200020038-9.txt,CIA-RDP96-00787R000200020038-9,,research_report,1002,2,03/09/10,,Harold Puthoff|Russell Targ|Bid|Proposal Funds,"CIA|SRI International|SRI|the ISE Division|the ERS Division|SRI
research management procedures|Research Operations
Group|0.H. Travel|Capital Equipment Funds",symposia
CIA-RDP96-00787R000200020042-4.txt,CIA-RDP96-00787R000200020042-4,,correspondence,99,1,26 September 1977|06/12/19,,Dave Johnson|Puthoff Location|gna|Proxmire,CIA,Wisconsin
CIA-RDP96-00787R000200020044-2.txt,CIA-RDP96-00787R000200020044-2,,research_report,362,1,04/09/09,,JONN t.|MILTON R. YOUNG|CLIFFORD P. CASE|ROBERT C. BYRO|EDWARD W. BROOKE|WILLIAM PROXMIRE|MARK O. MATFIELD|CHARLES MGC|RICHARD S|LOWELL P. WEICKER,MCCLELLAN|CIA|STENMIS|WIS|OREG|INOUYE|MATHIAS|IND|SCHWEIKER|OKLA,N.J.|W. VA|MASS|JR.|MD|PA|MO|JOHNSTON|LA|WASHINGTON
CIA-RDP96-00787R000200020045-1.txt,CIA-RDP96-00787R000200020045-1,,correspondence,290,1,06/12/19,,Russ Targ|Proxmire|Ed|Elizabeth,CIA|UC Extension,Menlo Park
CIA-RDP96-00787R000200020047-9.txt,CIA-RDP96-00787R000200020047-9,,correspondence,960,1,03/09/10,,"Seeks|Binetein|uton von|killine vou|Lim|etcx|Zshauenyo|rou|Fxeeerr
Lo|carr",FagRelease|CIA|TDerhars|vou|Fedeists|cor|Tzed|xhexe iheromens kas|keZeauikkahk|Laurence Robort,Nodifliantictn|Hiroshima|Teracaki|Nie|vou|~-|Tiklihood|Obeeatta|Yieoter
CIA-RDP96-00787R000200020048-8.txt,CIA-RDP96-00787R000200020048-8,SECRET,research_report,109,1,63/09/10|03/09/10,,Puthoff,"CIA|STANFORD RESEARCH INSTITUTE|UF|Series

Pages|Criminal Sanctions

CABLE|STANRES|Radio Physics Laboratory",
CIA-RDP96-00787R000200020049-7.txt,CIA-RDP96-00787R000200020049-7,,research_report,177,1,03/09/10,,Puthoff,"Release|EC REP|STANFORD RESEARCH INSTITUTE
MENLO PARK|nis|SG 2|GUDIRS|SGFOIA3|SRI|Radio Physics Laboratory|BEL",
CIA-RDP96-00787R000200020050-5.txt,CIA-RDP96-00787R000200020050-5,,correspondence,307,1,03/09/10,,Bisaha|H. E. Puthoff,"SG1I|STANFORD|RESEARCH INSTITUTE
MENLO PARK|the Psychology Department|Mundelein College|SRI|Ph.D.
Senior Research Engineer|Radio Physics Laboratory|STANRES|CIA",CALIFORNIA|Chicago|Bisaha|the Soviet Union|U.S.
CIA-RDP96-00787R000200020051-4.txt,CIA-RDP96-00787R000200020051-4,,precognition,1418,2,03/09/10,,"FOU*'DING CHURCH|L. Ron Hubbard|Approved|FE SEF Ee

J|Tick|Laren ge aR AO TREE

ded pee|Approved Ber Release|OB Q9787RH00200020051-4|Sa mm",ge|CIA|Release 20dgtaHty|RANI RE EN|Mortal|Anxieties|Sighs|Release 2oosi0|Goodbye|Church,Eternity|Breath
CIA-RDP96-00787R000200020053-2.txt,CIA-RDP96-00787R000200020053-2,,correspondence,118,1,03/09/10,,Thomas D|Puthoff|a.,CIA|Arms Control Disarmament Agency|SI/SAO|Radio Physics Laboratory|HEP,N.W|Weshington
CIA-RDP96-00787R000200020054-1.txt,CIA-RDP96-00787R000200020054-1,,research_report,426,1,,,Renee|Boa MET|WU|Paul R|omar ace|s§|U. S. Govern|Se IR,"NEE|SUP|AGENCY|DEVELOPMENT PLANNING SUMMA|GONTROL $|Unclassified

Ea PROGRAM ELEWENT|Security Clasailication Code|RESPONSIBLE DOO ORGANIZATION|IP CSIRLEFIOWORFET

Nawe Naval Electronic Systems Command|OBJECTIVES & APPROACH:",Washington|D.C|PARTICIPATI|Naval
CIA-RDP96-00787R000200020055-0.txt,CIA-RDP96-00787R000200020055-0,,correspondence,63,1,03/09/10,,Maw tmegymiloret|Reccke Wermb,CIA|ftyesll|Lope HO,
CIA-RDP96-00787R000200020056-9.txt,CIA-RDP96-00787R000200020056-9,,correspondence,168,1,03/09/10,,"V e. ~|Gantt|lee|lone Lo|Prem Se|Vin Serdesf|taf cudleuee
",CIA|Exgis|Screen|AWE|Ee o's|Cor perete~ lo @Gontrl|OL,
CIA-RDP96-00787R000200020058-7.txt,CIA-RDP96-00787R000200020058-7,,correspondence,193,1,1 March 1984|03/09/10,Scanate and to paranormal interests and,Memos|H. Puthoff|R. Targ|Secret,"SG1I|CIA|ORD|Remote
Viewing: A Program Review|Project Scanate|SG1|SRI",
CIA-RDP96-00787R000200050002-5.txt,CIA-RDP96-00787R000200050002-5,,experiment_results,4241,8,00/08/10|14 November 1975,,"Paul Freund|H. E. Puthoff

Russell Targ
Electronics and Bioengineering Laboratory|Josephson|P. Price|I. Swann|Nos|Sth Sas|Sl|Richard Jarrard|Malcolm Road","ZeESS= STANFORD RESEARCH INSTITUTE

|ZB|Earle D. Jones|Difector

Electronics and Bioengineering Laboratory|Bonnar Cox|Information Science and Engineering Division|CIA|Naval Electronics Systems Command|Bioengineering Laboratory of SRI|SRI","Menlo Park|California|Washington|Mountain View|Release|Z000/08/10|Santa Barbara|respec|Mountain
View|Burlingame"
CIA-RDP96-00787R000200070001-4.txt,CIA-RDP96-00787R000200070001-4,,experiment_results,418,1,8 November 1974|03/09/10,,Hal Puthoff|Atlas|Hella Hammid|Hammid,CIA|SRI|CB|Price|Swann|SG1I,RV
CIA-RDP96-00787R000200070002-3.txt,CIA-RDP96-00787R000200070002-3,,experiment_results,3084,6,01/03/07,,"Hella|Hal Puthoff|Russell Targ|Hal|Critique

Hella|Russell|Puthoff|Walt Konar|jai t.



--- Page 5|Targ","CIA|Hella|Scientific Apparatus

Experiment|Targ|Stanford Chapel

Background|Hella Hammid's|SRI|DOD|Hammid|Stanford",Konar|RV
CIA-RDP96-00787R000200070003-2.txt,CIA-RDP96-00787R000200070003-2,,experiment_results,5582,11,01/03/07,,Hella|Hella Hammid|Puthoff|RV|Targ|Russell Targ|Russell|Hal|Voeua|Russ,OO FeR000200070008|SRI|CIA|Stanford|Hella|Targ|Ryzl|SG1I|7 Approved For Release|RV,RV|D.C.|Menlo Park|Hal|setae
CIA-RDP96-00787R000200070004-1.txt,CIA-RDP96-00787R000200070004-1,,other,3696,7,03/09/10,,RV|Russ|-HE LOOKS OFF|Hal|Kallidoscope,"CIA|TIME|BENCH|DO|TABLE|Hals|INVOLVES CHANGING SCENES|FLOOR|White|SG1I

Approved",RV|Sequence
CIA-RDP96-00787R000200070005-0.txt,CIA-RDP96-00787R000200070005-0,,experiment_results,434,1,03/09/09|8 November 1974,,Releasd|Gta|Hal Puthoff|Atlas|Hella Hammid|Hammid,"SRI|CB|Price|Swann|EN Se

Approved|CIA|SGI",RV
CIA-RDP96-00787R000200070006-9.txt,CIA-RDP96-00787R000200070006-9,,experiment_results,13752,27,03/09/10,,Hella Hammid|Hella|Hal Puthoff|Russell Targ|Russell|Hal|Puthoff|Walt Konar|Targ|pu,"CIA|Hella|Release 200,709/1 Qe|GIA|Scientific Apparatus

Experiment|Russel|Targ|Hella Hammid's|SRI|DOD",Konar|Paris|Sw|RV|Reeeye|D.C.|Menlo Park|Hal|Pres|xa
CIA-RDP96-00787R000200080001-3.txt,CIA-RDP96-00787R000200080001-3,,remote_viewing,2131,4,01/03/26,,Gne man|Boo/|Osgood Mulford Tweige|Twelge|J. C. Dubbs|Amos|Dubbs|Argyle|Amos Dubbs|dawn,"RAS|CIA|Psychie
Phenomena

There|Columbia University|Without Feathers|Dubbs|the Moscowitz Fiber Glass Company|Radio City Music Hall|House|Fifth
Avenue","San —

|Cleveland|aria|Faust|Miami|India|Winston|Quincy|Gand|Kennebunkport"
CIA-RDP96-00787R000200080002-2.txt,CIA-RDP96-00787R000200080002-2,,research_report,240,1,01/03/26|26 September 1977,,Puthoff LOCATION|Pulhoff|Taylor Memorial Award|William II|von Alven,"Cre|Release 9901/03/26|CIA|NLA|Tarp|IEEE
International Conference on Cybernetics and Seclety|SRI|Conference Procecdings|Conference|FCC",Socicty
CIA-RDP96-00787R000200080003-1.txt,CIA-RDP96-00787R000200080003-1,,psychokinesis,86,1,01/03/26,,Ye al abe eRe|Franklin V. Taylor Aleemeovial,CIA|The IEEE Systems|Man & Cybernetics|EFF,Secentific Lack|Washington
CIA-RDP96-00787R000200080004-0.txt,CIA-RDP96-00787R000200080004-0,,research_report,1143,2,01/03/26,,JEEE|John Warfield|John|Raymond Fitz|Bruce Pomeranz|Stephen Kim|Elis|Lee|Mau|I. Hal Puthoff,"CIA|Pathologists

Human Factors Society

IEEE Computer Society|EEE Engineering in Medicine and Biology Society

Mayflower Hotel|Society|the National Library of Medicine|the University of
Toronto|Eastern|Clifford|Research|EEL Proceedings",Washington|D.C.|U.S.|U.S|Cat|New Jersey|Gainsville|Taipei|Taiwan|Menlo Park
CIA-RDP96-00787R000200080005-9.txt,CIA-RDP96-00787R000200080005-9,,remote_viewing,2058,4,03/04/18,,Beene|Maat|BAS|Gne man|Boo/|Osgood Mulford Tweige|Twelge|Fwelge|J. C. Dubbs|Amos,"CIA|Psychie
Phenomena

There|Columbia University|Without Feathers|Dubbs|the Moscowitz Fiber Glass Company|Radio City Music Hall|House|Fifth
Avenue|Macy","San —

Approved|Reece|Cleveland|aria|Faust|Miami|India|NS|Kenaebunkport|Quincy"
CIA-RDP96-00787R000200080007-7.txt,CIA-RDP96-00787R000200080007-7,,experiment_results,36492,72,01/03/26,,HAROLD E. PUTHOFF|RUSSELL TARG|William Crookes|Manuscript|CA|Puthoff|Relea|IV|J. J. Thomson|Oliver Lodge,"CIA|IEEE|NO|Recent Research|IEEE

Abstract|the Electronics and Bioengineering Laboratory|Stanford Research
Institute|New Scientist|the Foundation for Parasensory
Investigation and the Parapsychology Foundation|NY",the United States|rT|New York|Palo Alto|Menlo Park|Faraday|San Andres|Colombia|California|Costa Rica
CIA-RDP96-00787R000200080008-6.txt,CIA-RDP96-00787R000200080008-6,,experiment_results,9461,18,12 April 1977|01/03/26,,Harold E|Puthoff|Russell Targ|Russell|Further|Ingo Swann|Phenomenon|Pat Price|Sal Plas|ir tao SAARC Ain SCORER,"CIA|AB sa GR|US SA NET Sit aL ORR ALR ER|STANFORD RESEARCH INSTITUTE
MENLO PARK|EEE National Convention|Stanford Research Institute|the Radio Physics|SRI|MA ARR IA|GROUNDS","New York City|N.Y.|Menlo Park|California|Faraday|Palo Alto|Redwood City|New York!+|Palo Alto

Ness Auditorium|Palo Alto

Parking"
CIA-RDP96-00787R000200080009-5.txt,CIA-RDP96-00787R000200080009-5,,experiment_results,616,1,01/03/26|22 December 1976,,H. E. PUTHOPF|Poincaré|Puthoff|Sensory Shiclding|R. TARG|E.C. MAY,"CIA|THE AMERICAN PHYSICAL|STANFORD UNIVERSITY|HNelan|Stanford Res|E.A|Lawrence
Berkeley Laboratory|Bell|Stanford Research Institute|PUTNOFF",Quinn|Rauscher
CIA-RDP96-00787R000200080010-3.txt,CIA-RDP96-00787R000200080010-3,,research_report,582,1,01/03/26|91/03/26,,"Franklyn Y.
Taylor Award

SMC Outstanding
Cantribution
Award|Henry J. Heimlich|Taylor Memorial Award|Charles A. Rosen|Karle Vaughn|Vaughn|L. S$. Tuomenoksa|Vauphn|Harold Pothoff|Russell Targ","CIA|Man and Cybernetics Society|EEE|Medicine
College of American Pa|EEE Engineering in Medicine and Biology Society
Instrument Society of America

Operations Research Society of America

Mayflower Hotel|Release|Chord
Foundation
Presentation|Stanford Research Institute|Manipulation Systems|Bell Telephone Laboratories",Washington|D.C.|MD|journa
CIA-RDP96-00787R000200080011-2.txt,CIA-RDP96-00787R000200080011-2,,experiment_results,889,1,01/03/26,,CA|Harold E. Puthoff|Russell Targ,"CIA|Stanford Research Institute|the Institute of Electrical and Electronic Engineers|SRI|Release,2001/03/26|Institute",Menlo Park|Procccdings
CIA-RDP96-00787R000200080012-1.txt,CIA-RDP96-00787R000200080012-1,,research_report,5678,11,01/03/26,,"Kurtz|Randi|Truzzi|Lied Beit|Theodore Rockwel|ROBERT ROCKWELL|W. TEED
RocKWELL|R. A. McConnell|Marcello|Zhe Mumanise","CIA|the Committee for the
Scientific Investigation of Claims of the Paranormal|the American Association for the Advancement of Science|Committee|NY Times|The American Ethical Union|estan|Congress|the Federal Government|Nechentific",Committce|puton|Hanan|Bana|yosa|Russia|pp|D.||Crookes|New York
CIA-RDP96-00787R000200080013-0.txt,CIA-RDP96-00787R000200080013-0,,research_report,2017,4,01/03/26,,Ken T+|Mary F. Berry|Jerry Fletcher|Zetetics|Paul Kurtz|Karl Pribram|Arthur Zimmerman|Hans Stich|Marijuana|Brian Brown,CIA|RESEARCH|Washington 20201|Welfare|HEW|Srain/Mind Bulletin|The Institute of Noetic Sciences|Education Division/HEW|Independence Ave|the Scientific Investigation,Kuriz|Pribram|symposia|San Fran-|Toronto|San Francisco|Hong Kong|California|Librium|Great Britain
CIA-RDP96-00787R000200080014-9.txt,CIA-RDP96-00787R000200080014-9,,research_report,1638,3,01/03/26,,"Willis
Harman|Philip IH|Abelson|Norma Bowles|Maimonides|Rex Stanford|J. B. Rhine|Edward Kelly|Charles Tart|Robert C. Toth","Stanford Research|Science|nGiA|the University of California|Duke|the Center for Parapsychological|Stanford|Gallup|Duke University|Smithsonian
Institution",California|New York City|Durham|N.C.|Austin|Tex.|froma|US|IA|U.S
CIA-RDP96-00787R000200080015-8.txt,CIA-RDP96-00787R000200080015-8,,other,835,1,01/03/26,,"Néws Dispatches - fe|Garrarao|Rossin Lune|and’'sai|illiam Thomas|Petukhov|Works|Toth|Mos|ho eres”
+","CIA|insych
fon|amera'and|L Petukhov|VJ|Angeles Times|KGB|Tass|US.\in-|Interior",U.S.|Valery|the Soviet Union|Los Angeles|Moscow|US|Redmont|Protest
CIA-RDP96-00787R000200080016-7.txt,CIA-RDP96-00787R000200080016-7,,correspondence,15,1,,,,SG1I,
CIA-RDP96-00787R000200080017-6.txt,CIA-RDP96-00787R000200080017-6,,experiment_results,2777,5,,,"Elaine Kendall

M:|Kirlian|John
Wheeler|Jung|Se Chlenre Sk

The|William Kasper|Georgette|WILLIAM KASPER|Arthur Koestler|Thelma Moss",CIA|Napoleon|Distinctive Original|Coincidence|SI|CURRY|CARD|Co-|Society|ford,St. Thomas|KANSAS CITY|MO|Ph.D.|Menlo Park|California|Delray Beach|Fla.|BankAmericard/ VISA|Florida
CIA-RDP96-00787R000200080018-5.txt,CIA-RDP96-00787R000200080018-5,,experiment_results,4195,8,1/03/26,,"Joseph Hanlon|Bath|Uri Geller|John Taylor|Harry Collins|Collins|Julie Knowles|James
Randi|Julie|John
Hasted",Release 20Q1/03/26|Gellermania|MacMillan|New Scientist|Bath|Social Science Research Council|Journal of the Society|Psychical Research|New Directions|Surrey University,UK|Reveille|US|London|France|Alarm Clock|CHAHRDP96|Houghton|Mifflin|Delacorte
CIA-RDP96-00787R000200080019-4.txt,CIA-RDP96-00787R000200080019-4,,remote_viewing,725,1,01/03/26,Deep Quest,¢|Hella Hammid|aon 2|CHARLES PARMITER Quest|Anne B|Kahle|Ingo Swonn|Hammid|Hella|ornie coal,CIA|the| Mobius Group|Coastal|Catolina Isiond|Swann|Unde|W85/|Veek|Witcombe|Navy,California|the'server|Hollywood
CIA-RDP96-00787R000200080022-0.txt,CIA-RDP96-00787R000200080022-0,,correspondence,113,1,01/03/26,,Fer Correstion|Prescribed GSA,"CIA|Tce rma|Agency|J Prepare Rep|disposais|Agency/Post|SG1I
Phone No",DD
CIA-RDP96-00787R000200080024-8.txt,CIA-RDP96-00787R000200080024-8,,experiment_results,733,1,,,PARANOIA SU|Occult|Marcello Truzzi|Truzzi|Paul Kurt|J. B. Rhine|Kurtz|Dr|Kendrick Fraser,"U.F.O. Phenomena|Merit Legitimate Inquiry

Bf|Eastern Michigan University|.group|The Skeptical Inquirer|Zetetic Scholar|the
Committee for the Scientific|the State University|J.
Allen Hynek|Duke University",Ypsilanti|New York|Buffalo|N.Y|Mich.
CIA-RDP96-00787R000200080025-7.txt,CIA-RDP96-00787R000200080025-7,,remote_viewing,425,1,01/03/26|01/08/26,,James Bond|Vietor Marchetti|Olag Penkovsky|Marchetti|Penkovsky|Popov,"CIA|the Central Intelligence
Agency|KGB|Marchetti|Kremlin",Russia
CIA-RDP96-00787R000200080028-4.txt,CIA-RDP96-00787R000200080028-4,,correspondence,50,1,,,,SG1I|CIA,
CIA-RDP96-00787R000200080032-9.txt,CIA-RDP96-00787R000200080032-9,,research_report,1893,3,01/03/26,,"Robert C.
Toth|Stern|Mikhail Stern|Jacques Bergier|Eduard Naumov|Leonid L|Nhe|Brezhney|al Russian|Toth",The New York Times Company|BT 2001/68|The Los Angeles|K.G.B.|CIA|The New York Times|Stern’s|Union in-|Stern|U.S. Navy,"PARIS|the Soviet Union|Paris|Moscow|the United States
Government|Washington|NEW YORK|the United States Navy|New York City|Los An"
CIA-RDP96-00787R000200080033-8.txt,CIA-RDP96-00787R000200080033-8,,research_report,1864,3,01/03/26,"Was Canceled i
red to ase branch of ",Oat Mente|Speclal|Robert|Stern|Mikhail Stern|Jacques Bergier|Fociis Pro|Serre|Eduard Naumov|Leon,"SG1I|FLORA|The Ngw York Times|Times|K.G.B|AFFAIR
Out|FRAN|Seized|Stern’s|Stern",PARIS|the Soviet Union|Paris|Moscow|Los Angeles|the United States|Washington|the Soviet ‘Union|kdyt|the United States Navy
CIA-RDP96-00787R000200080034-7.txt,CIA-RDP96-00787R000200080034-7,,research_report,728,1,01/03/26,,Menninger Foundationhas|Mysteriqus|Zdenék Rejdék|A. McConnell|Kirlisn|Scientia Sinica,the Communist : Party|Destpite|Phenomena of the Human Psyche|Distance|CIA|the United Nations Educational|Scientific|Cultural Organization|Eastern|International,the Soviet Union|Russiang|thé Soviet Union|Marxst
CIA-RDP96-00787R000200080036-5.txt,CIA-RDP96-00787R000200080036-5,,research_report,1628,3,01/03/26,,F. J. Stech|Jensen|S. Yancy-McGuire|M.S. Collins|E. R. Kennedy|E. L. Muetterties|L. M. Branscomb|J. H. Young|Isaac Newton|M. H. Zimmermann,"AAAS
Fellowship: W. J. McKeachie|Civil Defense and Nuclear Blackmail:|Science and Technology Strategy|Molccular Metal Clusters|the White House|COMMENT Cancer Institute Unilaterally|Battle to Legitimize Laetrile Continues Unabated|Undergoing New Federal Scrutiny|Healers|M.S. Mahoney",Botts|Washington|D.C|0.C.|Canada|Pnoatls F45|Cambridge|Mass.|Arizona|Fort Pierce
CIA-RDP96-00787R000200080037-4.txt,CIA-RDP96-00787R000200080037-4,,experiment_results,4725,9,01/03/26,,Mind-Reach|Russell Targ|Harold Puthoff|Ray Hyman|Harold|Puthoff|Margaret Mead|Peter Hurkos|Targ|Uri Geller’s,CIA|PSYCHICS|Mind-Reach|Stanford|Institute|Stanford Ph.D.|quantum physics|Operational Thetan|the Church of Scientology|the Backster Effect,"New York|Psychics|Faraday|Margaret Mead’s|Crookes|New

York|United States|creativ-
ity|Buffalo"
CIA-RDP96-00787R000200080039-2.txt,CIA-RDP96-00787R000200080039-2,,research_report,1553,3,01/03/26,,"Bergson|Fon Release|Revers|Ladycliff|Francis J.
Breidenback|collepe",CIA|psi|Upton Sinclar|alan-Krippner|Letus|psi phenomena|Journal of Nervous and Mental Disease|Phrenwald|PARAPSYCITATRY|Ladveliff College,M.D.|New York|Vol|N.Y.|Cours
CIA-RDP96-00787R000200080040-0.txt,CIA-RDP96-00787R000200080040-0,,research_report,15778,31,01/03/26,,Elliot D. Weitzman|Werner Forman|Anthony Turner|Hans Selye|ed.|Cricket Verracc|Timing Phone Calls|Charge Blanche|Maple Lane|Frank A. Lee---,"CIA|NO|Science News|N Street|RESEARCH, Vol|Microeconomics|Harvard U Pr|RAINS|Brandeth—Greene|McGraw",U.S.|N.W.|Washington|Scribner|9x12|M.D.|Ardmore|New York|Bensenville|Ill.
CIA-RDP96-00787R000200080041-9.txt,CIA-RDP96-00787R000200080041-9,,research_report,1076,2,01/03/26,,Elisabeth Kubler-Ross|Kubler-Ross|LU|A. Moody Jr.|Moody|Karlis Osis|Charles Dahlberg|Hugene Kennedy|Kubler-Ross’s|Kennedy,"CIA|Kubler-
Ross’s|Moody finds|American Socicty|Psychical|Wemerol|Kubler-
Koss|L|the University of Califormia|COIN BHOVEE FOF REWASE",New York City|New York|Chicago
CIA-RDP96-00787R000200080042-8.txt,CIA-RDP96-00787R000200080042-8,,correspondence,288,1,01/03/26,,"Puthoff|Calkins|R. W. Lucky
Head
","CIA|Holmdel|SG1I
SGFOIA3

I|Targ|Puthoff|Transmission Terminal Systems",New Jersey|Washington
CIA-RDP96-00787R000200080043-7.txt,CIA-RDP96-00787R000200080043-7,,experiment_results,5225,10,01/03/26|91/03/26,,"Robert W. Lucky|Lucky|Puthoff|R. Targ|Libby seienee
|Saeoe Gepb|§|Ingo Swann|IV|Lin","CIA|MAY & =|AMD|& Social Sciences
Department|Psvcholopy

& Sociolopy|IEEE|Historical Perspective|Recent Research|pps|Adaustratieds
Ce elbepeecqat","New York|United States|Girdon|IV|RApproved|coneiderabla|p.334)"",-and|Redwood City|c.g.|Fer Release"
CIA-RDP96-00787R000200080044-6.txt,CIA-RDP96-00787R000200080044-6,,correspondence,842,1,4/12/73|01/03/26,,W. Reed Crone|Puthoff,"TAB|LSP IONS|Basage $|ODL

PROCEEDINGS OF CHE TENE|IKER|PROCEEDINGS|the USSR Copyright Agency|Helton
Approved For|CIA|Mocwna",Moscow|New Yori|NeYe|USSR|Zaidin
CIA-RDP96-00787R000200080045-5.txt,CIA-RDP96-00787R000200080045-5,,experiment_results,1077,2,04/08/02,,Facet B. Facet|Facet B|Facet B.|Van Bladél|Maxwell|Puthoff,"Releagg|CIA|Facet|Symbols|the Presence of Rotating Bodies|Release 2004/08/02|Tsai
et al.|Acoustooptic Bragg|SAW|Bragg",
CIA-RDP96-00787R000200080046-4.txt,CIA-RDP96-00787R000200080046-4,,experiment_results,21361,42,03/04/18,,"HAROLD E. PUTHOFF|RUSSELL TARG|William Crookes|Manuscript|CA|CA 940

Approved|IV|Puthoff|Rele
PUTHOFF|J, J. Thomson","Rele
PROCEEDINGS OF THE IEEE|NO|CIA|Recent Research|mMemper|IEEE|IEEE

Abstract|the Electronics and Bioengineering Laboratory|Stanford Research
Institute|TT",the United States|New York|Palo Alto|Menlo Park|Faraday|San Andres|Colombia|California|Costa Rica|Quonset
CIA-RDP96-00787R000200080047-3.txt,CIA-RDP96-00787R000200080047-3,,remote_viewing,1123,2,01/03/26,,Dan Greenburg|Loch Ness|Alex Tanous|Olof Jonsson|Edgar Mitchell|Olof|Laughter,linear|Release DOU|CIA,Brooklyn|Haiti|Chicago|Toronto
CIA-RDP96-00787R000200080048-2.txt,CIA-RDP96-00787R000200080048-2,,experiment_results,1683,3,,,"Harold E. Puth-
off|Russell Targ|Puthoff|Yychiatrist|Viurphy|Murphy|Fromme|Parapsy-|Robert

_|Dennett","NED MacKAY|Stanford|Institute (SRI|Stanford University|the Institute of the
Electrical and Electronic|SRI|©
Uri Geller|Geller|mt
Meanwhile|Targ","Menlo
Park|Puerto Rico|the United States|CALIFORNIA|Costa Rica|Palo Alto Civic
Center|Oregon|Palo Alto|Washington"
CIA-RDP96-00787R000200080049-1.txt,CIA-RDP96-00787R000200080049-1,,experiment_results,3185,6,01/03/26,,"LOCALIZATION|René Warcollier|Rhine|Warcollier|Ullman|R. Mind ta Mind|Ele|Ehrenwald|J. p.|Otto
Poetzl",Release 2001/03/26|CIA|CEREBRAL|PIX|ven|The Roosevelt Hospital|Bast G8th Street|Upton Sinclair|Krippner|University of Vienna,"M.D.|New York City|New
York|New York|Warcollier|Release|Vienna|Luring ALR|Publishers|Rhine"
CIA-RDP96-00787R000200080050-9.txt,CIA-RDP96-00787R000200080050-9,,remote_viewing,1898,3,,,"MARK TWAIN|Huckleberry
Finn|Tom Sawyer|Leeuwenhoeks|Paul Chance|Charles Tart|Tart|Analyzer|Skinner|D.O. Hebb","the Psychical Society of England|Time|the University of
California at Davis|Tart|Striving Psychics|Fouts’s|Scribbage|Brain Signals|Stanford Research
Institute|Opinion Research Center",Maintained|Palo Alto|California|Vol|Ramsey|Canada
CIA-RDP96-00787R000200080051-8.txt,CIA-RDP96-00787R000200080051-8,,experiment_results,4051,8,01/03/26|4 March 1975|41/03/26,,"S. L. Blatt|Jore|Uri Geller|in.a|Telepathy|Andrew Mac-|Michael Faraday|J. B. Rhine|Probabiliti S.
éd/in.a|oP ehdatt",Department of Physics|The Ohio State University|PRELUDE|CIA|Astrology|the American Association of Physics Teachers|Creary|Duke University|Release 2001/03/26|Dr,Columbus|Ohio|knowledgé|NS|SF|OH|den City|B. Rhine|Thomas|Springfield
CIA-RDP96-00787R000200080052-7.txt,CIA-RDP96-00787R000200080052-7,,experiment_results,2004,4,4 February 1972,,"Richard Lander|David Pellett|Philip Yager|William

Fraser|Rudolph Hwa|M. Alston-Ganjost|A. Barbaro-Galtieri|P. J.
Davis|S. M. Flatté|J. H. Friedman","Release SDPAUOF25 L GARBEPF-00787R090200080052-7 APRIL 1972|FIG|Group A|Cornell University Report|L|Abarbanel|DeTar, Phys|B34|Mueller|R. L","the U. S, Atomic Energy|Nucl|Phys|Californta 94720|€|Aprit|Berlin|N.Y.|New York|Refs"
CIA-RDP96-00787R000200080053-6.txt,CIA-RDP96-00787R000200080053-6,,experiment_results,4570,9,01/03/26,,"Henry Pierce Stapp|Bohr|J. S. Bell.*7
|logzal|Einstein|William James|Niels Bohr|Whatevar|Remark Space-time|Jef","CIA|Laboratory

Universi|Bell|Quantum|U.S. Energy Eesearch and Development Administration|Vat|noz
fren|Whitehend|Whitehead|quantum postulate",California|Berkeley|sama|eaca|Wp|Wyatt|Lg|AY|Ay|L L
CIA-RDP96-00787R000200080054-5.txt,CIA-RDP96-00787R000200080054-5,,experiment_results,8109,16,,,"Joseph Priestley|Oswald Avery's|James Watson|Francis|Watson|Crick|Gunther S. Stent

|O. T|C. M. Mac-
Leod|Maclyn McCarty",Lavoisier|Avery|De|MacLeod|RGR|O26|CIR REP|Supe|the Rockefeller Institute|un,non-disputa-|Indiana|OA|New York|N.Y|Polanyi|Washington|the f Said|Crick|something§
CIA-RDP96-00787R000200080055-4.txt,CIA-RDP96-00787R000200080055-4,,experiment_results,28751,57,02/05/17,,John Warfield|John|Raymond Fitz|Bruce Pomeranz|Stephen Kim|Lee|Mau|Hal Puthoff|Hal|Russ Targ,"CIA|Man and Cybernetics Society|Pathologists

Human Factors Society

IEEE Computer Society

IEEE Engineering in Medicine and Biology Society

Mayflower Hotel|Approvedor Release|SMC|Congress|The Institute of Electrical and Electronics Engineers|Society|Interpretive Structural Modeling|the National Library of Medicine",Washington|D.C.|New York|The United States of America|U.S.|GiA|Holland|2(k + k')/nr2d|Chiang|Eysenck
CIA-RDP96-00787R000200090001-2.txt,CIA-RDP96-00787R000200090001-2,,research_report,481,1,00/08/10,,Geller|Puthoff|Leon S. Otis,"STANFORD RESEARCH INSTITUTE
MENLO PARK|SRI|Life Sciences
Division|New Scientist|Geller|CIA|STANRES",Rhine
CIA-RDP96-00787R000200090002-1.txt,CIA-RDP96-00787R000200090002-1,,experiment_results,1206,2,00/08/10,,Puthoff|MOET Haat|Bleeclhay Beck,CIA|SGI|SRI|Costa de Beauregard~|sec|ec|Variations|EEG|STANFORD RESEARCH INSTITUTE,Washington
CIA-RDP96-00787R000200090003-0.txt,CIA-RDP96-00787R000200090003-0,,experiment_results,845,1,03/09/09|22 February 1975,,"Uri Geller|mee

'|H. Puthoff|Puthoff|Targ","Stanford Research Institute Paranormal Research
Contract|CA LL|SRI|De Yelco|ST|CIA|the Palo Alto Clinic|BAB|WAITS|R. Targ and",Menlo Park|Washington
CIA-RDP96-00787R000200090004-9.txt,CIA-RDP96-00787R000200090004-9,,correspondence,47,1,06/08/40,,,CIA|LSR/ORD/!,
CIA-RDP96-00787R000200090005-8.txt,CIA-RDP96-00787R000200090005-8,CONFIDENTIAL,research_report,167,1,20 February 1976,,David S. Brandwein|Researcn,"Research and Development

SUBJECT:|Stanford Research Institute Parapsychology
Research|SRI|OTS|SGi1I|ORD|Office of Technical Service

Enclosures|CL|Release|CIA",
CIA-RDP96-00787R000200090006-7.txt,CIA-RDP96-00787R000200090006-7,,research_report,431,1,03/09/09|4 February 1976,,R. W. Lucky,"Stanford Research Institute|CIA|ORD & OTS|SRI|OTS|the IEEE Proceedings|IEEE
Publications Board|Bell Laboratories|USIB|The Department of the
",
CIA-RDP96-00787R000200090008-5.txt,CIA-RDP96-00787R000200090008-5,,research_report,162,1,00/08/10,,Paul R. Freund,"NAVY|NAVAL SUPPLY SYSTEMS COMMAND|Special Projects Division|Naval Supply Systems Command|Science and Technology|Oentral Intelligence Agency|the Naval Supply Systems Command|SUP|Stanford Research
Institute|SRI",WASHINGTON|D.C|Washington|D.C.
CIA-RDP96-00787R000200090009-4.txt,CIA-RDP96-00787R000200090009-4,,correspondence,208,1,03/09/09,,John N. McMahon|ADDA fr DD/MS,DD/SET#|Science and Technology|SG1I|OTS|SRI|OMS|Directorate|Agency|CIA,Administrati
CIA-RDP96-00787R000200090010-2.txt,CIA-RDP96-00787R000200090010-2,,experiment_results,311,1,03/09/09,,enna,CIA|SRI|Agency|The Office of Medical Services|the Office of Research|SG1I|Medical Services,
CIA-RDP96-00787R000200090011-1.txt,CIA-RDP96-00787R000200090011-1,,research_report,383,1,03/09/09|16 March 1976|23 February 1976,,Memorandum,"CIA|BD/S4T-1581-76|Science|A/DDA|S&T|Subject: SRI Report|Directorate|SRI|FY-77|LEO

Approved",
CIA-RDP96-00787R000200090012-0.txt,CIA-RDP96-00787R000200090012-0,,experiment_results,265,1,00/08/10,,,"Release 2000/08/10|CIA|STANFORD RESEARCH INSTITUTE
MENLO PARK|the Halstead-Reitan Neuropsychology Test

Battery|Department|Palo Alto Medical Clinic|j1s
Enc|STANRES",Psychiatry
CIA-RDP96-00787R000200090013-9.txt,CIA-RDP96-00787R000200090013-9,,research_report,699,1,00/08/10|20 August 1974,,Levy,"CIA|Release 2000/08/10|AAAS|Newsweek|Time|Stanford Research Institute|The Department of
Defense|the New York Times",
CIA-RDP96-00787R000200090014-8.txt,CIA-RDP96-00787R000200090014-8,,experiment_results,681,1,00/08/10,,Einstein|Dicke|Library,"CIA-RDP9

Ken|Essentially|CIA|Release 2000/08/10|NMX|SALT|X¥XMAXXKX|SG1I

Regarding|an Operational Criterion|Operations",Xeroxed|DD
CIA-RDP96-00787R000200090015-7.txt,CIA-RDP96-00787R000200090015-7,,experiment_results,1849,3,00/08/10|90/08/10,,"ApProved|Releasen|ci Bibreb-00787R000200090015-7|Maude rT

phenomenon",CIA|Agency|Extra Sensory Perception|Astral Projection|Radionics|the Intelligence Community|Status|AROSE Ee Release|Release|Release 2000/08/40,
CIA-RDP96-00787R000200090016-6.txt,CIA-RDP96-00787R000200090016-6,,telepathy,38,1,,,,SG1I|ADDRESS|PHONE,
CIA-RDP96-00787R000200090019-3.txt,CIA-RDP96-00787R000200090019-3,,experiment_results,1182,2,03/09/10,,Puthoff|Limited,CIA|SRI|sec|EEG|STANFORD RESEARCH INSTITUTE,Washington|Costa de Beauregard=|seem_to
CIA-RDP96-00787R000200090020-1.txt,CIA-RDP96-00787R000200090020-1,,research_report,370,1,00/08/10,,"Tep Bastin|Institut Henri|Evan Harris WALKER|J. H. M. Wurreman|ARTHUR KOESTLER|Rosert R. Cory—Administrative|N. Y. 10019|Allan Angoff

Greetings|Eileen Coly|Evan Harris Walker","Release|CIA|Madras Christian College|Columbia University|Firsorr|Royal Astronomical Society|Stanford Research Institute|Scumwt|RusseEvy Tare|Ballistic Research
Laboratories","Cambridge|England

C. T. K. Cuarr|Madras|India|Paris|France|New York|U.S.A.|London|England"
CIA-RDP96-00787R000200090021-0.txt,CIA-RDP96-00787R000200090021-0,,experiment_results,4643,9,03/09/09,,Arthur Koestler|Schmidt|Puthoff|Targ|Evan Harris Walker|Aberdeen Proving Grounds|Walker|Gerald Feinberg|Feinberg|Chari,"CIA|QUANTUM PHYSICS|Hotel La Reserve|the Hotel La Reserve|Quantum Physics|quantum physics|the Parapsychology Foundation, Inc.|the Parapsychology Foundation|ANALYSIS|Chari","Geneva|Switzerland|West 57th Street|New York|Bastin|Costa de
Beauregard|PK|cesia|Maryland|Hidden"
CIA-RDP96-00787R000200090022-9.txt,CIA-RDP96-00787R000200090022-9,,experiment_results,494,1,00/08/10,,,CIA|ON RESEARCH DIRECTIONS|Costa de Beauregard,
CIA-RDP96-00787R000200090023-8.txt,CIA-RDP96-00787R000200090023-8,,experiment_results,733,1,00/08/10|90/08/10,,mm|Dut|Con,"CIA|SRI|NV 2|C, mm 4|Cufdo|+ Cross",Mag 2nd|Cad
CIA-RDP96-00787R000200090024-7.txt,CIA-RDP96-00787R000200090024-7,,experiment_results,26366,52,,,"Drs R. Targ|H.
Puthoff|Christopher Evans|Jess|Uri Geller|Joe Hanlon’s|Peter J. Smith|Gs|Rothschild|Mos","Release|NL|National Physical|Release 2odlngii|CIA|Stanford
Research Institute|Geller’s|fed|Stanford|SLL",US|fina|Qepauee|Britain|Mount|New York|Factory Xgbestos|Legon|Thomson|London
CIA-RDP96-00787R000200100001-0.txt,CIA-RDP96-00787R000200100001-0,,correspondence,81,1,00/08/10|09/08/10,,"Jennifer F

|Ken|Mitchell",RH RDPSGNOLsARODEEOM{ObOOTLO#|OTS|DCI|OSI|CIA,
CIA-RDP96-00787R000200100003-8.txt,CIA-RDP96-00787R000200100003-8,CONFIDENTIAL,correspondence,36,1,00/08/10,,,"UNCIASSIFIED|CIA|SG1I|Secreta

Approved",
CIA-RDP96-00787R000200100009-2.txt,CIA-RDP96-00787R000200100009-2,,correspondence,28,1,00/08/10,,,"Cyl
‘de /oeg",
CIA-RDP96-00787R000200100011-9.txt,CIA-RDP96-00787R000200100011-9,SECRET,correspondence,63,1,03/04/18,,,CIA|ORD|OSI|KEY|SG1B,
CIA-RDP96-00787R000200100012-8.txt,CIA-RDP96-00787R000200100012-8,SECRET,telepathy,76,1,00/08/10,,,"IP|INFORMATION|ADORESS|PHONE NO|paTe

¢d|Release 2000/08/10|CIA|GPO",
CIA-RDP96-00787R000200120001-8.txt,CIA-RDP96-00787R000200120001-8,,research_report,141,1,03/05/15,,H.E. Puthoff PhD,"CIA|STANFORD RESEARCH INSTITUTE
MENLO PARK|F.P.|EM|K1029
Electronics and Bioengineering Laboratory",
CIA-RDP96-00787R000200120002-7.txt,CIA-RDP96-00787R000200120002-7,,research_report,4024,8,00/08/10|18 October 1974|00/08/40,,"Harold Puthoff|Russell Targ
Electronics|Earle D. Jones|Walter|EP|® Kamiya|R. Targ|Flash|Grass|Flashes","CIA|Bioengineering
Laboratory|Propesal for Research SRI|Electronics|EEG|EM|Release 2000/|Lindsley|BEG|CNV",CLIENT|Pribram|Silverman|H.H.|Menlo Park|California|Washington|D.C.|New York City|Chicago
CIA-RDP96-00787R000200130005-3.txt,CIA-RDP96-00787R000200130005-3,,experiment_results,2167,4,5 February 1976|65/08/04|03/09/04,,"Releaes|Charles Honorton|Ingo Swann|Swann|Releas#2003/09/04|Significant|E. C. MAY|Pm

Signature|Edwin C. May|ne ren ar","CIA|Swann|ECM|PSIFI|Physics Dept.|City College of San Francisco|EEG|C.H.
ran|Physics|Astronomy
Classification Scheme

Number 05

Approved",n.s.|LE|Honorton|p<0.57|Brooklyn|New York
CIA-RDP96-00787R000200130006-2.txt,CIA-RDP96-00787R000200130006-2,,experiment_results,285,1,17 June 1974|03/09/04,,Expesiment Arrangements|abd w ng,CIA|NPIC|SED|SRI|NED|Giscussion,
CIA-RDP96-00787R000200130007-1.txt,CIA-RDP96-00787R000200130007-1,,experiment_results,543,1,03/09/08|22 June 1974,"SGI

",Jana,OTS|CSCéd@OF-COT'S|SRI|OOB|EEG|GSR|NPIC|SG1I|Basic Research|CIA,is~—s*s
CIA-RDP96-00787R000200130008-0.txt,CIA-RDP96-00787R000200130008-0,,experiment_results,617,1,03/09/04,,Hanis|Af OL eng eta|hy Hage|Lionerge|Ly Depending|Qre f6|Approved|abn att ja,Bee|LA DORE|LB|WAL Le|BALE radon|GM|SOU OEE al Pt|SG1I|MOL|eri HM,aly
CIA-RDP96-00787R000200130010-7.txt,CIA-RDP96-00787R000200130010-7,,other,2929,5,03/09/08,,Ravenswood|Dick Honey|OY Ba|Hal|Dick|kinda,ES Fot Reidastseearbadf:|WAY|SONG|Ke|SGII|CIA|SG1I|SGI|DO|GIRL,"El Camino|kinda|Plaza|St

2"
CIA-RDP96-00787R000200130011-6.txt,CIA-RDP96-00787R000200130011-6,,other,2391,4,03/09/04,,"Forgas|THURS|Crossing Willow|WE'RE|Looked|Page Mill Road|Alpine|Junipero Serra - take|Page Mill -
|Page Mill","HUGH CRANE|© cross|linear|EA|CIA|Marine World|C14|BPB|¥

L YOU|Addison-Wesley",BURGESS PARK|west.|Moffett|Middlefield|US|Woodside|Magdalena|San Jose|Moffett Field
CIA-RDP96-00787R000200130012-5.txt,CIA-RDP96-00787R000200130012-5,,correspondence,2815,5,03/09/04,,"ARTS ART PLATA|JUDY SCHMICKLEY|Bart|Sears Mall|Judy|Hal|Phyllis|a.

Looks|jack|~- ed.",HAL PUTHOFP|Foe|CIA|ALSQ|iris particularly|USAT|ADA SAS|C07|F|Iigtance,iris|IZ|GA
CIA-RDP96-00787R000200130013-4.txt,CIA-RDP96-00787R000200130013-4,,experiment_results,908,1,03/09/04,,"Patricia Hearst|Puthoff|Targ|ccd
Se 290|nae roe|Pat Price|Price|E. Jones",Se 290 HOW|Stanford Research|Institute (SRI|axpixex police|Stanford University|OTS|SRI|CIA|SG|SG1I,Alameda|San Francisco
CIA-RDP96-00787R000200130015-2.txt,CIA-RDP96-00787R000200130015-2,,correspondence,995,1,03/09/04,,"Palmer|C. Car

Whale|Grrsert
Wrecker","CIA|AAR|Vi

Mobile Command Unit Es|Et Bots FE",Cincinnati
CIA-RDP96-00787R000200140001-6.txt,CIA-RDP96-00787R000200140001-6,,correspondence,111,1,00/08/10,,H. E. Puthoff,"STANFORD RESEARCH INSTITUTE
MENLO PARK|SG1I|Ph.D.

Electronics|CIA|STANRES",
CIA-RDP96-00787R000200140002-5.txt,CIA-RDP96-00787R000200140002-5,,other,741,1,00/08/10,,ROBERT W. JAMPLIS|R. HEWLETT LEE|KENNETH G. CAMPBELL|GARY A. FRY|S. NORTH|LILLINGTON|LAWRENCE V. BASSO|FERNANDO G. VESCIA|CHAPMAN Ill|CHARLES A. ARNOLD,"CIA|M.D.

Executive|M.D.
Vice Executive|M.D.

MAURICE FOX|M.D.

SIDNEY P. MITCHELL|M.D.

Internal Medicine|M.D.
ROBERT L. HILL|M.D.

CHEST DISEASES|M.D.
GLEN A,|M.D-
LENORE A. SHERIDAN","M.D.|M.D|M.0|BLAIR|MO|JR.|M.D.

EDWARD|MD|D.0.S.|M.D.

Orthopedic Surgery"
CIA-RDP96-00787R000200140003-4.txt,CIA-RDP96-00787R000200140003-4,,experiment_results,317,1,00/08/10|17 June 1974|00/08/18|3 July 1974,,Atego ND|Antto Mepicant Cuinic|Charles Beal|Jack|H.B. Puthoff|Robert H. Armbruster,"AEN|SMEAR|EN EET ES|CIA|Stanford Research Institute|GNA-I2 Panel|Urindlyses

Serolbgy

Blood Typa + Factor

Pulmonary|Eckman/Perlstein/Altrocchi|Bekesy|Ophthalmologist Examination",PALO ALTO|CALIFORNIA|Menlo Park
CIA-RDP96-00787R000200140005-2.txt,CIA-RDP96-00787R000200140005-2,,experiment_results,171,1,00/08/10,,,"CIA|DEPARTMENT OF PSYCHIATRY-
Paco Atto Mepicat CLINIC|PERSONALITY INVENTORY|THEMATIC APPERCEPTION TEST|DEPARTMENT OF ENVIRONMENTAL MEDICINE|ComPLETE MEDICAL
FAMILY|FACTOR|FUNDUSCOPE|OPTHALMOSCOPIC|VISUAL CONTRAST SENSITIVITY",Minnesota
CIA-RDP96-00787R000200140006-1.txt,CIA-RDP96-00787R000200140006-1,,experiment_results,63,1,00/08/10,,,CIA|DEPARTMENT OF NEUROLOGY|STANFORD HOSPITAL|HALSTEAD,
CIA-RDP96-00787R000200140007-0.txt,CIA-RDP96-00787R000200140007-0,,experiment_results,1623,3,03/04/18,,Meenan|Puthoff|Rorschach|Heenan,CIA|the Psychological Testing of Subjects|Stanford Research Institute|Heenan|/SO|M.M.P.I.|the Strong Vocational Interest Blank|Slence|P.I.|S.R.I.,well'‘as|Gestalt
CIA-RDP96-00787R000200150001-5.txt,CIA-RDP96-00787R000200150001-5,,experiment_results,514,1,00/08/10,,"Dennis Flanagan|Martin Gardner|Gardner|Deonis Flanagan|-He introduces|Russell Targ
Harold Puthoff
Rlectronics","Editor
Scientific American|NASA|CIA",New York|England
CIA-RDP96-00787R000200150002-4.txt,CIA-RDP96-00787R000200150002-4,,experiment_results,254,1,00/08/10,,TWX 910-,"STANFORD RESEARCH INSTITUTE
MENLO PARK|GE|STANRES",
CIA-RDP96-00787R000200150003-3.txt,CIA-RDP96-00787R000200150003-3,,experiment_results,4231,8,00/08/10,,"Shae|Clairvoyant Reality|Lawrence LeShan|tetemamememmatiet ete


--- Page|Seemed|Heth|su-t.","Approved For Rglease 2000/08/10|CIA|SRI|cor|Clairvoyant and Precognitive|LN Ne Genes|Misperception

Pp|ge|USE|Buttons B","Meee se

\|oe|LeShan|New York|Ste|ewe"
CIA-RDP96-00787R000200150004-2.txt,CIA-RDP96-00787R000200150004-2,,experiment_results,3790,7,00/08/10|30 June 1975|1 August 1974,,Geller|Significant|Price|Galin|Azimuth Bearing,CIA|Redwood City Arena|EEG|HH|Tike|Measurement Program|the Institute for the Study of Human Consciousness|Langley|Project Atlas|Gifted Subjects,Xerox|Costa Rica
CIA-RDP96-00787R000200150005-1.txt,CIA-RDP96-00787R000200150005-1,,experiment_results,818,1,12 June 1975|00/08/10,,Totel Chi Square,"OTS|Bee|O00|SONOS|WAL|the Standard Deviation (SD|Observed
Frequency|Hypothesis|Chi Squere|w/att
",Nuil
CIA-RDP96-00787R000200150006-0.txt,CIA-RDP96-00787R000200150006-0,,experiment_results,357,1,00/08/10,,,CIA|P(k|sec,
CIA-RDP96-00787R000200150007-9.txt,CIA-RDP96-00787R000200150007-9,,experiment_results,501,1,28 May 1975|00/08/10,,Puthoff|Targ|Relpasd,CIA|OTS|ORD|Stanford Research Institute|the Random Stimulus Generator|NASA|SRI|the Stanford Research Institute|SGI|C/ORD/LSR,
CIA-RDP96-00787R000200150008-8.txt,CIA-RDP96-00787R000200150008-8,,correspondence,48,1,,,,"SRI
Reference|SG1I|ADDRESS|PHONE",
CIA-RDP96-00787R000200150009-7.txt,CIA-RDP96-00787R000200150009-7,,experiment_results,1990,3,03/04/18,,Richard Linylelir|EY|Alexander Mood|Sl,CIA|SRI|Aquarius Electronics|CDC-6400|K-|the Theory of Statistics|McGraw Hill|LN|CEE AL|Diagonal,Albion|California|New York|Binom
CIA-RDP96-00787R000200150010-5.txt,CIA-RDP96-00787R000200150010-5,,correspondence,89,1,00/08/10,,CL.| ORIGIN,"the Stanford Kesearch Institute|the Random
Stimulus Generator
Att|SEC|CONTROL NO|SUP|CIA",
CIA-RDP96-00787R000200150011-4.txt,CIA-RDP96-00787R000200150011-4,,experiment_results,8750,17,03/04/18,,"cee|Parr|J24 9.74|2003604/1 Bu tG Ar ROP|Approvéd|Variance
Machine|Bee|TST Eu|The Li|He13e PP SOT OSSOS","CIA|THE SUBJECT-MACHINE RELATIONSHIP

Approved|Page
Overview
I. Statistical Analysis|Experimental|General Trial Information|Subject - Future Machine State Transition|Taken Five|Samples|Success Ratio of Subject|Total Number of Passes",j.e.|S2|n=25 p=1/4|Freel|O08|NS|NM|Rosas|US|OA
CIA-RDP96-00787R000200160001-4.txt,CIA-RDP96-00787R000200160001-4,,correspondence,281,1,03/04/18,,,CIA|Financial Expenditures|SRI|SG1I,
CIA-RDP96-00787R000200160002-3.txt,CIA-RDP96-00787R000200160002-3,SECRET,telepathy,87,1,03/04/18,,Gear Bhiy,"CIA|OFFICIAL ROUTING SLIP

SENDER|NE sci
||CONCURRENCE|SG1I|AIA|PHONE",
CIA-RDP96-00787R000200160003-2.txt,CIA-RDP96-00787R000200160003-2,,correspondence,27,1,00/08/10,,"afm PSL

|Molen",CIA|P96,
CIA-RDP96-00787R000200160008-7.txt,CIA-RDP96-00787R000200160008-7,,administrative,66,1,03/04/18,,RB Tei,SEC|CL|NEG|BGA|CIA-RD,
CIA-RDP96-00787R000200180001-2.txt,CIA-RDP96-00787R000200180001-2,,experiment_results,5081,10,03/09/09,,Arthur Koestler|Schmidt|Puthoff|Targ|Evan Harris Walker|Aberdeen Proving Grounds|Walker|tim|Gerald Feinberg|Feinberg,"CIA|Ine|Hotel La Reserve|SGI|the Hotel La Reserve|Quantum Physics|quantum physics|the Parapsychology Foundation, Inc.|ANALYSIS|Chari","Geneva|Switzerland|West 57th Street|New York|Bastin|Costa de
Beauregard|ana|PK|Maryland|Madras"
CIA-RDP96-00787R000200180002-1.txt,CIA-RDP96-00787R000200180002-1,,experiment_results,5016,10,00/08/10,,Arthur Koestler|Wis|Schmidt|Puthoff|Targ|Evan Harris Walker|Aberdeen Proving Grounds|Walker|Gerald Feinberg|Feinberg,"CIA|QUANTUM PHYSICS|Hotel La Reserve|the Hotel La Reserve|Quantum Physics|quantum physics|non—-common|the Parapsychology Foundation, Inc.|their tNovsletter of the Parapsychology Foundation|ANALYSIS","Geneva|Switzerland|West 57th Street|New York|Bastin|Costa doe
|PK|Maryland|Unsdden|Madras"
CIA-RDP96-00787R000200180003-0.txt,CIA-RDP96-00787R000200180003-0,CONFIDENTIAL,experiment_results,258,1,,,,"ADDRESS

SRI File /i$f|bispatcH
|__| FILE|ADDRESS|PHONE|UUIUGLALS|IGF",
CIA-RDP96-00787R000200190001-1.txt,CIA-RDP96-00787R000200190001-1,,experiment_results,5644,11,03/09/10,,"Harold Puthoff|Russell Targ

|von Reichenbach's|Josephson|Ingo Swann|Swann|eneerencnaremam


---|Patrick Price|wen megane|Price","fs==S= STANFORD RESEARCH INSTITUTE|ENTROPY|Stanford Research Institute
Electronics and Bioengineering Laboratory|Parapsychology
Geneva|CIA|Stanford
Research Institute|D.D. Home|The Dynamics|Ampere|Maxwell",Menlo Park|California|Switzerland|London|Faraday|Mountain View|Hz|Paraphysics|Maryland|d.e.
CIA-RDP96-00787R000200190002-0.txt,CIA-RDP96-00787R000200190002-0,,research_report,1229,2,03/09/09,,Puthoff|Lede|Dol,"AAPBERYSSA|SRI|Siaieeamine

Approved|CIA|sec|t6|Variations|EEG|OSes|STANFORD RESEARCH INSTITUTE",Santa Barbara|California|Washington
CIA-RDP96-00787R000200190003-9.txt,CIA-RDP96-00787R000200190003-9,UNCLASSIFIED,correspondence,171,1,00/08/10,,Hal|Pat|Kee BLA,CIA|ADDRESS|SRI|®-raPsych File|FILE|CONCURRENCE INFORMATION|PS|NDER|.-KRDPIO-VUUTO,
CIA-RDP96-00787R000200200001-9.txt,CIA-RDP96-00787R000200200001-9,,administrative,495,1,,,SG1I,"OTS|SRI|SWANN|EEG|OTS/Development &

|ORD|DCI|SG1I 4|SG1I|CIA",
CIA-RDP96-00787R000200200002-8.txt,CIA-RDP96-00787R000200200002-8,,correspondence,296,1,00/08/10,,a. copy,CIA|SGI|Washington National at 8:11 PH|Northwest|Best Regards|TW|PAN,Aug.l19|Thur|Washington|Geneva
CIA-RDP96-00787R000200200009-1.txt,CIA-RDP96-00787R000200200009-1,,correspondence,97,1,00/08/10,,LRP|Lawrence R. Pinneo|Ph.D.,"SG1I
SGFOIA3

SG1I|CIA|STANFORD RESEARCH INSTITUTE
MENLO PARK|Neurophysiology Program

Approved",Washington
CIA-RDP96-00787R000200200010-9.txt,CIA-RDP96-00787R000200200010-9,,research_report,150,1,00/08/10|1 August 1974,,Lawrence R. Pinneo,CIA|Neurophysiology Program|Stanford Research Institute|APA|the Brantff Place Hotel|Original & 1 - Addressee|LSR File,Manlio Park|California|Washington|New Orleans
CIA-RDP96-00787R000200200012-7.txt,CIA-RDP96-00787R000200200012-7,,experiment_results,255,1,18 December 1974|04/08/02,,,"CIA|Stanford
Research Institute Perceptual|SG1B|SRI",
CIA-RDP96-00787R000200200013-6.txt,CIA-RDP96-00787R000200200013-6,,experiment_results,3833,7,00/08/10|19 October 1974|18 October 1974|90/08/10,,Sumy|Puthoff|Targ|Jones|Thty AREER|Se|SG1I|RV TM|Completed|P|,Approved For Releasa|CIA|Trip Report|Cox|SG1|SRI|SGI|Nature|DD/O|Basic Research,Washington|San Francisco|LE|cards)(ID=10|RV|DC|Releasq|OA
CIA-RDP96-00787R000200200014-5.txt,CIA-RDP96-00787R000200200014-5,,correspondence,52,1,,,,ForRetdase|CIA|DOC|Release 2000,
CIA-RDP96-00787R000200200015-4.txt,CIA-RDP96-00787R000200200015-4,UNCLASSIFIED,telepathy,65,1,00/08/10,,nro,CIA|SG1I|ADDRESS|PHONE|un,
CIA-RDP96-00787R000200200016-3.txt,CIA-RDP96-00787R000200200016-3,,experiment_results,510,1,6 August 1974|03/04/18,,"Approved,£or Release 2003/04/18|Dr Puthoff|Controls|Pat Price|Hal",CIA|Super Stars|OOB|EEG|ec|PAMC|SRI|SGI,Geneva
CIA-RDP96-00787R000200200017-2.txt,CIA-RDP96-00787R000200200017-2,,experiment_results,596,1,5 August 1974|00/08/10,,Hal|Russ|cia-Ropoc 007i,SG1I|CIA|SGI1I|the OOB Experiment|NPIC|Price|SG1|ec|SRI|P|,
CIA-RDP96-00787R000200200019-0.txt,CIA-RDP96-00787R000200200019-0,,experiment_results,3096,6,18 June 1974|04/08/02|1 July 1974,,Mssrs|Puthoff|.01|Cox|Lin-rop9c-00787g900200200019-0|and/or GSR|Je-00787R000200200019-0|c. Mid-Paranormal-Experiment Testing|c. Clairvoyance-ESP|a. Status,"Stanford Research Institute|SRI SG1I|Puthoff|Targ|SRI|SG1I
Approved For|NASA|EEG-Re|Stimulus|Strobe Light",Criteria|a(3|Plethysmograph|New York|IA
CIA-RDP96-00787R000200200021-7.txt,CIA-RDP96-00787R000200200021-7,,correspondence,36,1,00/08/10,,GL.| ORIGIN CONTROL NO,"SEC|CIA-RDP9

COURIER NO",
CIA-RDP96-00787R000200200022-6.txt,CIA-RDP96-00787R000200200022-6,,experiment_results,1384,2,8 July 1974|00/08/10,,Relea Sif|Hal Puthoff,"Stanford Research Institute|Develco, Inc.|Develco|Stanford Research
Institute|Tot|RF|SRI|CIA|USE|Ames
Research Center",Moffett Field|Washington|D. C.
CIA-RDP96-00787R000200200024-4.txt,CIA-RDP96-00787R000200200024-4,,experiment_results,470,1,00/08/10,,"SG1I

Despite|Karl Pribran|Wechsler Adult Intelligence Scale",SG1I|CIA|the Stanford Medical School|Minnesota Multiphasic Personality Inventory|Halstead-Reitan Sub-Scales|Dynamometer Test|BM|PAS|Halstead-Reitan|Aptitude-Values Tests,
CIA-RDP96-00787R000200200026-2.txt,CIA-RDP96-00787R000200200026-2,UNCLASSIFIED,experiment_results,1280,2,03/04/16|03/04/18|29 January 1974|25 January 1974,,Jones|Jinforms|Lo|Pat Price|c. SRI|Targ,"SG1I

Approved|Stanford Research Institute|Puthoff|Targ of SRI|SRI|OTS|Work Statement|CIA|ORD|PRB",eeDRniaihiRE|D.C.
CIA-RDP96-00787R000200200027-1.txt,CIA-RDP96-00787R000200200027-1,,experiment_results,996,1,00/08/10,,"c. accuracy

d. reliability

e. variation|a. accuracy
b. reliability
c. resolution|nance nnn nnn enn ene emieaneniatanmedinmmasdensenenstenaiasahemtiimmae amiencuesinematenienimmniinithll",CIA|x.|Freclude|EnES,Jt
CIA-RDP96-00787R000200200028-0.txt,CIA-RDP96-00787R000200200028-0,,administrative,887,1,15 January 1974|03/04/18,Sty ,c. serve|Ho|Mr McMahon|Jabsence|Stevens|Se eualilicunassneneratt ar,CIA|MEMORANDUM|SRI Paranormal Project|Data Control|Deeecit SRI's|SG1I|SGI|SRI,
CIA-RDP96-00787R000200200029-9.txt,CIA-RDP96-00787R000200200029-9,,research_report,985,1,99/08/10,,Uri Geller|telepathy|Mr Geller|Certamly|B|H. Cowper|FE|R. Johnson|G. Chaioner|J. T. Young,Mr Geller|United|the Sunday Times|Mr Geller’s|Time|New Scientist|Stanford Research Institute|Stanford|CIA|Tur London Association of Correctors of the Press,LAS LES|Israel|Tsrael|the United States|Britain
CIA-RDP96-00787R000200200030-7.txt,CIA-RDP96-00787R000200200030-7,,experiment_results,1224,2,00/08/10,,"zelatin LbO|Vid|SGI1I
B - Strong|Ernest Hilgarde|fue tb|Sensory Evaluation|Beischer|SE|Mab OG Tk|KG","ApprovediFer|GtAcRDR AS00078|Gifted

Subjects|VE|Pseudoisochromatic|Flicker-Fusion|SG1I
Psychological Evaluation L|OPI|CLIZE EL|Raven's Matrix",Synesthesia|Allport-Vernon
CIA-RDP96-00787R000200200031-6.txt,CIA-RDP96-00787R000200200031-6,,research_report,828,1,03/08/18|03/04/18,,John N. NecMahon,"Science and Technology

SUBJECT : Office of Research ond Development|Office of Technical Service Parsnormal
Perception Research Project|Stanford Research Institute|the Office of Research and Development|Technical Service|SRI|OTS|proposel|the Statement of Work|Office of Research and Development",
CIA-RDP96-00787R000200200032-5.txt,CIA-RDP96-00787R000200200032-5,,experiment_results,92,1,00/08/10,,,CIA,
CIA-RDP96-00787R000200200033-4.txt,CIA-RDP96-00787R000200200033-4,,experiment_results,801,1,00/08/10|14 November 1973|0/08/10|13 November 1973|00/08/40,,c. Psychological Testing -|Schorr OV|Lse oc Le|Leave Lease,CIA|OTS|Basic Research Aspect -|GSR|Central Nervous System|AEP|CNV|BAB|INTERNAL USE|Interview,WA
CIA-RDP96-00787R000200210001-8.txt,CIA-RDP96-00787R000200210001-8,,experiment_results,12973,25,1 October 1973|00/08/10,,LLAL PELE...|Harold E. Puthoff|Earle D. Jones|Frequency Spectra|Jean Mayo|Hella Hammid|Geller|Approved|Uri Geller|Ingo Swann,DAE|AE|Sine ET RE Fitimroncienn|CIA|7 A. Exploratory Research|IV QUALIFICATIONS|STANFORD RESEARCH INSTITUTE|Swann|West Virginia Site|Target 2,Iceland|Soviet Union|Australia|west.|Victoria|Menlo Park|California|Mountain View|nimbus|N.E.
CIA-RDP96-00787R000200210003-6.txt,CIA-RDP96-00787R000200210003-6,,research_report,807,1,02/11/18,Officer will be,Yd SG1I,"Ps-00787R09QZ00210003-6 7|Central Intelligence

SUBJECT: Office of Research and Development|Office of Technical Service Paranormal
Perception Research Project|Stanford Research

Institute|Office
SCI of Research and Development|the Office of Technical Service|OTS|the Statement of Work|CIA|Croat E2 IMPDET",
CIA-RDP96-00787R000200230001-6.txt,CIA-RDP96-00787R000200230001-6,,experiment_results,3795,7,03/04/18|1 August 1974,,Geller|Bitte|Price|Galin,CIA|Redwood City Arena|Targ|EEG|HH|the Institute for the Study of Human Consciousness|Project Atlas|C. Local Targets|Azimuth Bearing|Gifted Subjects,NS|Xerox|Costa Rica
CIA-RDP96-00787R000300010001-9.txt,CIA-RDP96-00787R000300010001-9,,experiment_results,5396,10,02/11/18|30 September 1988,,"nee bane iii

LIST|ccc|Zener|J. B.|B. S.|Approach|Kosslyn|S. M., Ghosts|W. W. Norton & Company|Type","Release 2002/11/18|CIA|EDWIN C.MAY
VIRGINIA V. TRASK

Prepared|Geoscience and Engineering Center|APS|cee eecccceeecuveeeee|WwW|SCHEMATIC|The Journal of Parapsychology|Ryzl",Internationa|MINAL|Studies|Vol|Ryzl|pp|Humphrey|Menlo Park|California|Kosslyn
CIA-RDP96-00787R000300020001-8.txt,CIA-RDP96-00787R000300020001-8,,experiment_results,2243,4,1 October 1985|00/08/10|00/08/19|30 September 1986,,Christopher Bird|Z. V. Harvalik|Dean I. Radin|Harold E.|Edwin C.|David|Lewis|T. G.|W. H.,Release 2000/08/10|CIA|Decem|Release 2000/08/19|BPE|CAS|The American Dowser|The Journal of the American Society of Dowsers|the U.S. Army Engineering Laboratories|Release 2000/08/1 UNCUASSTRIEB,the Soviet/East Bloc|New York|Harvalik|Fort Belvoir|Virginia|z. *|p(d|Menlo Park|California|Saunders
CIA-RDP96-00787R000300030001-7.txt,CIA-RDP96-00787R000300030001-7,,experiment_results,8078,16,90/08/10|00/08/10|18 November 1983|15 December 1984,,Continuum Search|Continuum|Christopher Bird|Z. V. Harvalik|Vow|Dean Radin|Bernoulli|continuum|km area|Eq,Intermattionel|Release 2000/08/10 :|SRI Project 6600|AC|Release 2000/08/10|CIA|B. 4 - Simulation|Facility Level|CAS|Release,Conunuum|RV|the Soviet/East Bloc|New York|Harvalik|pp|Metuchen|Cambridge|BB|RVer
CIA-RDP96-00787R000300040001-6.txt,CIA-RDP96-00787R000300040001-6,UNCLASSIFIED,experiment_results,7574,15,00/08/10,,"e. .|kk kk tk|NM Sc|Papers|cooling PM|Bee EP|Region I.|Cassette|Input|LER.00787R000300040001 -6



--- Page","BK|SUNG|CIA|B. Photomultiplier-Tube Results|Photon-Production Equipment - - - - ---.--|9829 QB PM Tube|fw wl|Release 20PPRECT|People's Republic of China|National Geographic

Magazine",PRC|RV|the People’s Republic|Statistically|mA. Ripple|UE|PK|Menlo Park|California|Beijing
CIA-RDP96-00787R000300050001-5.txt,CIA-RDP96-00787R000300050001-5,,psychokinesis,3594,7,00/08/10|00/08/19,,fe.g|RV|JO|ato WO Teotsfyd|Zutpletys Ay Ppaepueys|AlTeweraxg|CA|E. Puthoff|R. Targ|Kilometer Distances:,"CIA|Release 2000/08/10|Release|Release 0|Mental Intrusion|CM|Psychoenergetic|RNG|the Journal of Parapsychology|the Journal of American
Society for Psychical Research",Menlo Park|RV|Teuotydeoxe|Tueyoou|ZH|B. S|Humphrey|Vol|pp|Parapsy
CIA-RDP96-00787R000300060001-4.txt,CIA-RDP96-00787R000300060001-4,,experiment_results,5937,11,00/08/10,,"Targeting Modes|Beacon|RV|Technique B|WOR SEALE 9PM9S/10|EI °°|Seer|FO Stseq|JO AUVNNAS

Approved|Jo sftseq","Release 2000/08/10|CIA|CONTENTS|Caveats|CONCLUSIONS|ian|RV Data|SRI International|the ""Targeting Requirements Task''|Approved For",RV|FO|ToZuBqll|Sut|osZIVy|YT|JO|F(557|F(753|Beacon
CIA-RDP96-00787R000300060002-3.txt,CIA-RDP96-00787R000300060002-3,,experiment_results,5988,11,00/08/10,,Targeting Modes|+4.2|Beacon|RV|Longitude|Technique B|Technique|iY|ya bowew|FO STseq,"CIA|B. Data Summaries|Caveats|CONCLUSIONS|RV Data|SRI International|the ""Targeting Requirements Task|Release 2000|SRI|Beacon RV",ewe|IV|RV|FO|Zutpnpoul|youqpeay|F(557|F(753|Beacon|Vol
CIA-RDP96-00787R000300070001-3.txt,CIA-RDP96-00787R000300070001-3,,experiment_results,7718,15,30 September 1987|00/08/10|1 December 1987|1 October 1986,In the past,PETER J. McNELIS|ccc cee|cee cee|Monte Carlo Calculations|C. M. Pleass|Variance|n. Under|RA|Monte Carlo|C. M.,"CIA|EDWIN C.|College of Marine Studies
|University of Delaware

Prepared|Release 2000/08/10|REMOTE|Geoscience and Engineering Center|SRI International|the College of Marine Studies|the University of Delaware",Menlo Park|California|Delaware|IDS|a=.0.30|pp|Humphrey|Homewood|Illinois|Newark
CIA-RDP96-00787R000300080001-2.txt,CIA-RDP96-00787R000300080001-2,UNCLASSIFIED,research_report,18436,36,90/08/40|00/08/10|1 May 1978,,Keywords|H. E. Puthoff|R. Targ|E. C. May|CA|Psychologie|England|Performed|Parapsychologists Publish|Study,CIA|B. Keyword System Development|Keyword System Application|TII DATA|APPENDICES|Remote Sensing Subtopics|Remote Action Subtopics|Reliability/Screening Subtopics|Theories/Models Subtopics|Free-World,"U.S.A.|Menlo Park|England|The Netherlands|West
Germany|West Germany|Scotland|Netherlands|Australia|Israel"
CIA-RDP96-00787R000300090001-1.txt,CIA-RDP96-00787R000300090001-1,,experiment_results,17743,35,"1

December 1987|30 September 1987|00/08/10|1 October 1986|2 December 1987",,"G. SCOTT|PETER J. McNELIS|JESSICA M. UTTS|Gla RbBS$-00787R000300

ed|Lee|cee|ccc ccc ccc|William Braud|Braud|RA","CIA|UTTS|SRI International

WILLIAM W. BRAUD
|Mind Science Foundation

Prepared|Geoscience and Engineering Center|Release|Release 2000/08/10|-1|the Mind Science Foundation|ER",Menlo Park|California|San Antonio|Texas|IDS|Anya|RA|Hubbard|Humphrey|Utts
CIA-RDP96-00787R000300100001-9.txt,CIA-RDP96-00787R000300100001-9,UNCLASSIFIED,experiment_results,21831,43,30 September 1987|00/08/10|1 October 1986,MILESTONE CHART ,"ccc ccc ccc|ccc ccc cee cee|ccc cee|cc ccc|cee|ccc cee cee|cc ccc cee|Appendix A.

5|RV transcript|Dr","Release 2000/08/10|cia|L

SRI Project|EERE|nnn

E. Program Resources|ec|enn

Vv|PROJECT MILESTONE CHART|ene|Leena",PEED|RV|Noisy|noisy data-—namely|Palo Alto|California|Open City|Urban|River|Release
CIA-RDP96-00787R000300110001-8.txt,CIA-RDP96-00787R000300110001-8,UNCLASSIFIED,experiment_results,12349,24,1 December 1986|00/08/10,,Oe|cee rene|ccc|RV Training|cccccceccvcuccucuveucencens cu|cece ccc ccc e|ccc cee|Gary Langford|RV|RV Perceptions,"GARY 0|Consultants International

SRI International

Prepared|NIC ICA|SRI International|Consultants International|CI|SRI|CIA|nena 3

A. Basic Structure of an|Initial Access Period ............",Menlo Park|California|RV|New Concepts|CiR|Concerns|ewe|WY|Release|NEW YORK CITY
CIA-RDP96-00787R000300120001-7.txt,CIA-RDP96-00787R000300120001-7,,experiment_results,4834,9,00/08/10,,"av w

Owed|wu|Abou Sa|Bord|thea mw|jot w Ww|al Oo t. QO|Mito|Sw hy|Saad","CIA|o~
w
|HH|TH|mq@|Cd
Co
ry|LU

Research Institute|TF|Dies|WD","OW|MD St

Oo Ga
QC|US|Qa|rome|WY|EG|Ste|Oy|iowa"
CIA-RDP96-00787R000300130001-6.txt,CIA-RDP96-00787R000300130001-6,,experiment_results,1530,3,00/08/10,,"Yuri S. Dolin|Victor I. Dymov|Nicolai N. Khatchenkov|Fourier|Activation|ECT TT|Pat|KOHTP|Lee|-@ - KOHTPOMb
Bos ar",CIA|EEG|sec|fed|Variance 0-0650086|0.544|Upper|Figs|Fig|OOOO,gC|Oe|US
CIA-RDP96-00787R000300150001-4.txt,CIA-RDP96-00787R000300150001-4,,experiment_results,14946,29,00/08/10|1 May 1987,,"Park|RV Response|Merit|TT TT TT TT|RV|®-8|Pane|HoForr st

(|Appendix B|iaaenie Weaabaibnaaeiadanaaa","Internat|Release 2000/08/10|CIA|cia|Copies|SA|cia-RbP26-00787R000300150001-4

LIST|Wind-Power Electric Generator Farm|Release|TT",Menlo Park|ewe|Altamont|RV|Naval|cia.nDP96|BB||T||LA|Loloro
CIA-RDP96-00787R000300160001-3.txt,CIA-RDP96-00787R000300160001-3,,experiment_results,3335,6,1 October 1985|00/08/10|5 December 1986|00/68/10|30 September 1986,"By

Ralph J",st annem|PETER J. McNELIS|ROBERT S. LEONARD|Ralph J. Kiernan|Kiernan|Saunders|Ph.D.|John Gittinger|Digit Symbol|Maze Ttst,"Sn|ec|EER|CIA|SRI International

RALPH J. KIERNAN|Stanford Medical School

Prepared|Internatione|Geoscience and Engineering Center|Rélease-SeordaPro -S81ANRbBUs- OBFE7|SRI International’s",Menlo Park|California|Saunders
CIA-RDP96-00787R000300170001-2.txt,CIA-RDP96-00787R000300170001-2,,experiment_results,8379,16,1 October 1973|1 October 1988|30 September 1988|02/11/18|1 March 1989,,"Edwin C. May|Thane J. Frivold|Jessica M. Utts|W. Luke Beverly S. Humphrey

Prepared|ccc ccc|ccc|cee cee|Classes|Causal Processes|Size Calculations","Release 2002/11/18|CIA|SRI INTERNATIONAL|Virginia V. Trask|Geoscience and Engineering Center

Approved|n eee bec|nec|cee cent|ec|SRI International",Wanda|large).-|Section V.-B|Honorton|PAS Space|the People’s Republic|China|Boston|Vol|Beverly Hills
CIA-RDP96-00787R000300180001-1.txt,CIA-RDP96-00787R000300180001-1,,experiment_results,4773,9,6 October 1989|02/11/18|1 October 1988,,"Nevin D. Lantz

Prepared|CA 94025|cee|ccc|ccc cee|ene ne|ene n reer e|Schechter|RV|E. Protocols","CIA|Technical Representative|Geoscience and Engineering Center|Far Release|RV|SRI|ec|1

A. OVETVIEW coc ccc cee|METHOD|IP",Menlo Park|RV|Viewer|Honorton|manila|hypermnesia|el el el ele l sl el fala|Palo Alto|Jefferson|N.C.
CIA-RDP96-00787R000300200001-8.txt,CIA-RDP96-00787R000300200001-8,UNCLASSIFIED,experiment_results,8274,16,15 November 1983|00/08/10|15 December 1984,,Questionnaire|Nevin Lantz|Winne|Gittinger|MO1|M09|Merit|RV Learning|RV|Lantz,"Release 2000/08/10|SRI Project 6600

wTetereerescve|CIA|The Mobius Society Questionnaire

Baseline Data Acquisition|Confirmation Data Acquisition|NLP|SX|ON NEUROLINGUISTIC PROGRAMMING|Oo CO|WwW",Avenue|RV|M07|Humphrey|IRU4|WR|KK S'S|Menlo Park|Palo Alto|pp
CIA-RDP96-00787R000300280001-0.txt,CIA-RDP96-00787R000300280001-0,,experiment_results,7042,14,00/08/07,,"H. E., & Tarc|Pratt|R. W.|CA 94301|D. Lantz|WANDA L. W. LUKE|EpwIn C. May|Bem|James|Jessica Utts",CIA|the Society for Psychical Research|Sperry|Bay Research Institute|The Journal of Parapsychology|.04|t(143|Parapsychological Association|Psychophysical Research Laboratories|the Cognitive Sciences Laboratory,"Palo Alto|Vol|Honorton|F(1,36|Spottiswoode|Amsterdam|The Netherlands|IA|mountains|Lititz"
CIA-RDP96-00787R000300290001-9.txt,CIA-RDP96-00787R000300290001-9,,experiment_results,10652,21,00/08/07|1 May 1988,,"Ph.D.|ccc|cee|cece ccc|ccc ccc|Merit|Remote Viewing

Remote|RV|®-@|Significance","Final Report|EDWIN C. MAY|Cognitive Sclences Program|CIA|4

A. Remote Viewer|ene|WN|EEE|SRI|Remote Viewer

SRI",CLIENT|Menlo Park|beac|RV|California|Vol|pp|Humphrey|Medford|Massachusetts
CIA-RDP96-00787R000300300001-7.txt,CIA-RDP96-00787R000300300001-7,,experiment_results,32169,64,"30 September 1987|02/11/18|7

December 1987|1 October 1986",,"John F. Kennedy University

Prepared|John F. Kennedy University|ccc|ener ete ene|oc eeteseveveevsecseueeeenen|ccc ccc|JFK|Julian Isaacs|Appendix A.

A. Modifications|Participants","Release 2002/11/18|CIA|PHILIP P|BENTLEY|Geoscience and Engineering Center|SRR|FoF|Vora
Rey
Final Report- Objective H|SRI International|RA",Internationa|Menlo Park|California|U.S.A|RA|Hz|Scientific~-Atlanta SD-380Z|New York|Thomson|pp
CIA-RDP96-00787R000400010010-8.txt,CIA-RDP96-00787R000400010010-8,,research_report,10526,21,00/08/07,,"caay Hepsom|Onie-MnOe Lael|Ko boroscy 0|KBI B.C.|Sonboch ACMXOTO;-uiAe 2|Mavronias|BH KOMMASKCHOM AONOHEA
HPTACTJOMHVK|Bonpocs AcaxcTopanss|Domxorepanen|WR COCTOMWAK","CIA|CCS|HOBACKMS|JUMMANVBI BM|GoteR ba
Pe|O58|ATO OAS|OCRSR|WY Bosc|AOKCTOS",MT|Aapsxos|oA|Xapaxov|BT|YeTon|ACTA|naerenr|POTOKY|DM
CIA-RDP96-00787R000400010012-6.txt,CIA-RDP96-00787R000400010012-6,SECRET,telepathy,2961,5,6 July 1973|7 February 1974|00/08/07|20 May 1976|24 December 1976,,Sener|Rastoaatbigil|L. Ve Vilenskaya|Vasiltyev|Gellershteyn|Se Parapsychology|Izde Sovetskaya|Zinchenko|Izde Sove|V. Ne,"GIA-RDPSE- 5|CIA|GIA-RDP96

Spiaantgiiiniidias|Le L.  Tainstvennyye|Phenomena|Gaspolitizdat|ROL|Emtsikiopediyas|NEDELYA|HO",Hoscow|Vol|Moscow|Entsiklopeatya|Scientific Wrapping|Shertok|Rotes)/|Leningrad|Kazhinskly|USSR
CIA-RDP96-00787R000400010036-0.txt,CIA-RDP96-00787R000400010036-0,,research_report,11243,22,00/08/07,,"chee|St|prefescor L.L.Vasiliev|Reich|Mil|Philosonhical|Cetdar ee Po

sonalit|oA yO|developuent|T. Weise",CIA|BS|UsS.5.R.|LO|PPO|sid|Goupt|ga|che|DDG,"idivdcucl|SM|Czechoslovakia|Doc.Dr.diitina|uyehelo|Lor|India|July,1966/|U.S|Hoscow"
CIA-RDP96-00787R000400020014-3.txt,CIA-RDP96-00787R000400020014-3,,telepathy,2496,4,7 April 1968|6 July 1973|7 February 1974|00/08/07|28 April 1974,,"Se Parapsychology|F. V. Konstaéntinov|Sovetskaya

Entsiklopediya|V. Nes Leont'yev,|Sovetskaya Entsiklopediya|Zinchenko|MOSKOVSKIY KOMSOMOLETS|Char|Z. Reydak|Ile BIOLOGICAL COMMUNICATION",Vasilyev|Phenomena of the Human Mind/|Gospolitizdat|pp 212=213|Lenonttyev|NEDELYA|Release Sater|Release|ELEKTRONIKA|TRUD,Le|Moscow|Vol|Marin|Scientific Wrapping|Shertok|Le *|Notes)/|Leningrad|USSR
CIA-RDP96-00787R000400030015-1.txt,CIA-RDP96-00787R000400030015-1,UNCLASSIFIED,experiment_results,2787,5,02/05/17,,"amma|rene manne
|Lo gu tie + mica Dr|norgecegi cal fren|PEOSCLCS Coaid|tuis|vbe Compass|curzi¢c|ag ..ell|Wes SperLorued","CIA|Rfzl|ag|ENE EPS|anc|the trua@ omisin of this
|Shiba|sos|Upocta|G.cstergleiey",Sow|Lestern Zurops|po.|Ueo.:ulagin|Dombroveki|jeril o02%|Jeezon|Zascel|hunan
CIA-RDP96-00787R000400030058-4.txt,CIA-RDP96-00787R000400030058-4,,research_report,1706,3,,,"Seaham|Douglas Dean|Dean|DOUGLAS DEAN

|Semyon Kirlian|organically ill.|V.M. Inyushin'|Viniled States|ed TES

viens|Sovict",College of Engineering|the International Journal of Neuropsychiatry|KSP|Sovicts|Blue|CIA|ESSiaa|the Russians & CURED RTS CURIE Sao Deals|rt . co.|EEE,Newark|Russia|the United States|U.S.|Valentina|cadan|Americo|Jt|indi-|/S
CIA-RDP96-00787R000400040001-5.txt,CIA-RDP96-00787R000400040001-5,,experiment_results,372,1,01/03/07,,Edgar Mitchell|Alan Shepherd|Olof Johnson|Psychic|Mitchell|Johnson|Johnson S0,CIA|the American Public|Apollo|M.I.T|Mitenell|Standard,Chicago|Cape Kennedy
CIA-RDP96-00787R000400040007-9.txt,CIA-RDP96-00787R000400040007-9,,experiment_results,1040,2,01/03/07,,,Approved For Release|CIA|the Hard Drug Disruption Process|Assistance and Research Contribution,the United States|U.S.
CIA-RDP96-00787R000400040016-9.txt,CIA-RDP96-00787R000400040016-9,,correspondence,431,1,16 February 1967|20 February 1967|01/03/07,,,SG1I|ORE,Baltimore
CIA-RDP96-00787R000400040019-6.txt,CIA-RDP96-00787R000400040019-6,,other,1639,3,01/03/07,,,CIA|the Armed Forces|Sidewalks,Sweden|Stockholm|U.S.|China
CIA-RDP96-00787R000400040021-3.txt,CIA-RDP96-00787R000400040021-3,,correspondence,54,1,01/03/07,,CL.| ORIGIN CONTROL NO,CIA|SEC|POINT,
CIA-RDP96-00787R000400040022-2.txt,CIA-RDP96-00787R000400040022-2,,research_report,9082,18,03/09/09,,Arnold E. Dahlke|Secord|Backman|Kelley|i. e.|com~-|Approved Ror Release 2003/09/09|Goffman|G. C.|Approved Fou Release 2003/09/09,"CIA|BIBLIOGRAPHIC ESS

Exchange Theory|Cross-Cultural Research|Secord|Release 2003/09/09|Group|GROUP ENVIRONMENT EXCHANGE|GROUP MAINTENANCE|Status|the Congressional Medal of Honor",Dahlke|Thibaut|New York:|pp
CIA-RDP96-00787R000400040023-1.txt,CIA-RDP96-00787R000400040023-1,,correspondence,62,1,01/03/07,,Pars,CIA|EC|CROSS|SINT|FILING,
CIA-RDP96-00787R000400040024-0.txt,CIA-RDP96-00787R000400040024-0,,other,1933,3,01/03/07,,"Kecosminud Sciance|Longer Las|ho|Falla|Dean|Walter Orr Robevts|Lavoveabie|overridden|Rivet|John
Beloff Jost",oth bbe ene de|CIA|PRI|ENS|The Medical Associations|the Advancement of Schenee|CASAS|AAAS|CO|the Boavd of Directors,P.R.|Biophysics|Pittsburgh|P.A.|Naver|Symnosia|New York|fortunas|ks|Eoston
CIA-RDP96-00787R000400040025-9.txt,CIA-RDP96-00787R000400040025-9,,correspondence,47,1,01/03/07,,CL.| ORIGIN CONTROL NO,CIA|SEC|DOC|OWT SUSPEN DATE| CROSS,
CIA-RDP96-00787R000400040026-8.txt,CIA-RDP96-00787R000400040026-8,,research_report,643,1,04/03/02|01/03/07,,"William C. Menninger

Approved|Gardner Murphy|Murphy|Donadrian Rice|Davidson|Bill
Hughes|Gayle|Ralph Blick-|Robert Harris|Dale TIronson","CIA|DREAM|the American Psychological|Society for Psychical Research|the Dream Laboratory|Wofford|Mildred Carbone|Hofstra
University|New York University|Goodman (Harpur College",S.C.|N.Y.|N.Y.C.|New York|London|England|Toronto|Philadelphia|Pa.|Philosophy
CIA-RDP96-00787R000400040032-1.txt,CIA-RDP96-00787R000400040032-1,,research_report,7579,15,01/03/07,,Cait|Yap|Agein|Rap|Martin Oras|J. B. Rhine|Rhine|W. G. Roll|Zener|Ehine,"CIA|SonoSrnas|WFISVS2 DY|Fellov|Gocitl
Setence|EGP|PO|Likelihood|EAP|normel research",gooé|Durham|North Carolina|the United States|Mecca|Los Angeles|India|Prague|Japan|Chile
CIA-RDP96-00787R000400050001-4.txt,CIA-RDP96-00787R000400050001-4,,research_report,454,1,00/08/07,,Leonid L|K.A. Ciolkovski|Kazhinsky|B.B. Kajinsky|Yefin Rabkin|Ivan Sechenov|Pyotr Galperin|Mikhail Smirnov|Abram Novomeisky|Gregory Razran,"Physiologist Dept|Leningrad University|Biology
Dept.|Soviet Academy|Oculist|Moscow University

Pyotr Nevelsky|Kharkov University|Biophysics
Enstitute of Academy of Sciences|Teachers Training School

Dr.|Head of Psychology Dept","Vasiliev|Russia|New York|V.D.|Povarnin|K.1|Prof|Leningrad

Approved|Moscow"
CIA-RDP96-00787R000400060006-8.txt,CIA-RDP96-00787R000400060006-8,,correspondence,68,1,00/08/07,,,CIA|SG1I,
CIA-RDP96-00787R000400060007-7.txt,CIA-RDP96-00787R000400060007-7,,correspondence,101,1,00/08/07,,"N. Y. -
Someta mnwM NNUAL DUES","American Society for Psychical Research, Inc.|Parapsychological Association|AMERICAN Society FOR PsycricaL Reseaacu|CIA",New York
CIA-RDP96-00787R000400070001-2.txt,CIA-RDP96-00787R000400070001-2,,correspondence,223,1,00/08/07,,Russ Targe|Geller,Ciaiiai|ER|Geller|CIA,
CIA-RDP96-00787R000400070002-1.txt,CIA-RDP96-00787R000400070002-1,,correspondence,223,1,00/08/07,,Dr Puthoff|Geller|Puthoff|the Jack PARR Show|Parr,CIA|Dr PUTHOFF|Putheff,
CIA-RDP96-00787R000400070004-9.txt,CIA-RDP96-00787R000400070004-9,,correspondence,257,1,00/08/07,,Dr Puthoff|Geller|Puthoff,SG1I|CIA|SRI|BMJ,
CIA-RDP96-00787R000400070005-8.txt,CIA-RDP96-00787R000400070005-8,,experiment_results,2274,4,00/08/07,,"Dear Bart|Russ et al:

|o.
Approved|Appravertiros Release","CIA|Earl, Hal|SRT|SRI|SOP|EBAROOQAARO7Q005-8|AES",HM
CIA-RDP96-00787R000400070006-7.txt,CIA-RDP96-00787R000400070006-7,,correspondence,45,1,00/08/07,,Cevevlye|Kaen|Rhine bin,CIA,
CIA-RDP96-00787R000400070009-4.txt,CIA-RDP96-00787R000400070009-4,,experiment_results,575,1,00/08/07,,,"CIA|Sensitivity|Success|SG1I
Approved",
CIA-RDP96-00787R000400070010-2.txt,CIA-RDP96-00787R000400070010-2,,research_report,477,1,13 March 1973|00/08/07,,Geller,CIA|inten ene|AE EER|TIME|Hebrew University|Fox Release|Release 2000/5mer~|Ret|Optional|UTING,
CIA-RDP96-00787R000400070012-0.txt,CIA-RDP96-00787R000400070012-0,,other,694,1,00/08/07,,"Relgase 2000/08/07|Her~|Lal|hun ber|joer meter|Aaw|Ho ds
|gn lee fa|a ‘Sec|Vek",evan azual ine)|Checks Wendel|TOR eit|OV|CIA|Boyret|PEG|cub|Kren|Lralelegs,Meelanrec|LA|Doontet|Naly|Inveet|Sowe
CIA-RDP96-00787R000400070014-8.txt,CIA-RDP96-00787R000400070014-8,,correspondence,255,1,00/08/07,,"PARANORMAL RESEARCH

'",CIA|Agency,
CIA-RDP96-00787R000400070016-6.txt,CIA-RDP96-00787R000400070016-6,,other,658,1,13 March 1973|00/08/07,,Rosemary Brown's|William Morrow|Rosemary Brown|Brown|Rosemary|Franz Liszt|Bach|Joan of Arc|Einstein,"C/IP&A/ORD|Philips|Rosemary
Brown|TAWA|xerox|Southwark|IP&A/ORD SGil|ORD|SG1I|Chronowo",New York|2000/6|Einstein
CIA-RDP96-00787R000400070017-5.txt,CIA-RDP96-00787R000400070017-5,,historical,649,1,00/08/07,,Lord Russell|Said|Pick|Einstein,intro-|Process|CIA|Donalu Tovey,
CIA-RDP96-00787R000400070019-3.txt,CIA-RDP96-00787R000400070019-3,,experiment_results,695,1,15 March 1973|00/08/07,,"PARANORMAL RESEARCH QUESTIONNAIRE
AREAI|Subjects",DDS&T/ORD|SWANN|GI|EEG|ECG|CIA,
CIA-RDP96-00787R000400070020-1.txt,CIA-RDP96-00787R000400070020-1,SECRET,experiment_results,466,1,03/04/18,,Dr Puthoff,"SG1I|CIA|SG1I

a.|TSD|GELLER & SWANN|SWANN|us &|SRI rep|SRI|ORD",Washington
CIA-RDP96-00787R000400070021-0.txt,CIA-RDP96-00787R000400070021-0,,correspondence,673,1,00/08/07,,,"Agency|DDP/TSD|DDS&T/ORD|CIA|DD/P|CI Staff - Attention|DDS/OMS - Attention

Approved",
CIA-RDP96-00787R000400070022-9.txt,CIA-RDP96-00787R000400070022-9,,experiment_results,303,1,28 February 1973|00/08/07,,"Reléwée 2000/08/07|Carl

SUBJECT|Jareff|Geller|George Lawrence|Lawrence",CIA|TIME|SRI|ARPA|Lawrence|Geller|Agency|Swann,New York|Magician
CIA-RDP96-00787R000400070023-8.txt,CIA-RDP96-00787R000400070023-8,,other,579,1,00/08/07,,corey|Lasked|Recomipn|Retesise 2000/08/07.GIA/,CIA|INFO : DC/ORD SG1I|ORD|SRI|TSD|SYLVANIA|Agency|DCI|CI Staff|Security,SB
CIA-RDP96-00787R000400070024-7.txt,CIA-RDP96-00787R000400070024-7,,research_report,696,1,00/08/07,,Panna|Fer liu Mer PH|Deke Tesas|beg|pilin fempte|Wt Ge|Vy SS|JO|Lonefbg|Puro,"CIA|FESTS|CHE|ECA|ECE|FEL|Ayer|bAtuy, Sic A
- Deli hy|AVM ePUARMR EC|purbeni",Xkpy|lotta|ivialy|teguc|Kercaferl
CIA-RDP96-00787R000400070025-6.txt,CIA-RDP96-00787R000400070025-6,,experiment_results,2515,5,03/04/18|2 February 1973,,"a. TSD's|Subjects|SG1B Phenomena|DOD|Gis|LAWRENCE|e.
g., EEG|c. Possible ORD Involvement/Contribution|KRESS|Dr KASSLLER's",ROP|ORD|Attachment|Agency|SG1I|Past & Present Project|Future Intentions|SRI|SWANN|TSD,c.g.|New York|California|Attachment
CIA-RDP96-00787R000400070026-5.txt,CIA-RDP96-00787R000400070026-5,,experiment_results,546,1,90/08/07|00/08/07,,"Se Re]

SL|nee enyeacins",CIA|DDP/TSD|DDS&T/ORD,
CIA-RDP96-00787R000400070027-4.txt,CIA-RDP96-00787R000400070027-4,,research_report,764,1,00/08/07,,Commo,"CIA|TSD|ORD|Agency|NOTE|OMS|Security|SGI1I

Approved",process--
CIA-RDP96-00787R000400070028-3.txt,CIA-RDP96-00787R000400070028-3,,correspondence,387,1,00/08/07,,,SRI|C/ORD|intel|ORD|Agency|SWANN|CIA,
CIA-RDP96-00787R000400070029-2.txt,CIA-RDP96-00787R000400070029-2,,experiment_results,923,1,23 January 1973|24 January 1973,,"Drs|Russell Targ|Harold Puthoff|Uri Geller|Edgar Mitchell's|Geller|Puthoff|Austin Kibler|George
Lawrence|A. Puharich","HOREEIA-RDP9G.90787R000400070029-2|C/IP&A/ORD|Stanford Research Institute|Geller|Mind Science
Institute of Los Angeles|SRI|ABA|FREMPTION|ARPA|Puthoff",magician|é.g.|New York
CIA-RDP96-00787R000400070030-0.txt,CIA-RDP96-00787R000400070030-0,,research_report,319,1,03/04/18,,,CIA|Ihad|SRI|TSD|Agemcy|ARPA|NSA|the National Science Foundation|NSF,
CIA-RDP96-00787R000400070031-9.txt,CIA-RDP96-00787R000400070031-9,,research_report,4095,8,00/08/07,,Ingo SWANN|Uri GELLER|Dr Henry PUHARICH|Uri|Relfse 2000/08/07|c. Control/Predictability/Motivation|Ido|a. Options|Iam|ZAABPLOYBALFON Belen,"CIA|JAN:73|JAN|Stanford Research Institute|Captain
Edgar MITCHELL|Agency|OSI|SRI|GELLER|Dr PUHARICH's","U.S.|SRL|New
York|Purposes|Washington|DDS&T"
CIA-RDP96-00787R000400080003-9.txt,CIA-RDP96-00787R000400080003-9,,correspondence,21,1,,,,SG1I,
CIA-RDP96-00787R000400080004-8.txt,CIA-RDP96-00787R000400080004-8,,research_report,1171,2,00/08/07,,"Ross Adey|R. Michelson|Ross|Drs|Michelson|Robert P. Gow

",SG1I|CIA|the Life Sciences|Develco|Michelson/Develco,
CIA-RDP96-00787R000400080005-7.txt,CIA-RDP96-00787R000400080005-7,,research_report,1409,2,00/08/07,,npeaaataaatnncenyg|ahaha atteeratndanteltntetinenttenntrehee|Robert P. Gow|Josephson,CIA|ORD|UNIVERSITY OF CALIFORNIA|DEPARTMENT OF ANATOMY|Develco|VHF|WCU|ADDRESS|PHONE,LOS ANGELES|SANTA|SANTA CRUZ|CALIFORNIA|Mountain View|California
CIA-RDP96-00787R000400080007-5.txt,CIA-RDP96-00787R000400080007-5,,administrative,485,1,00/08/07,,SG1I,"SRI
SG1I|SG1I
1|OTS|SWANN|EEG|SGI1I 2|D/Ors'|SRI|SG1I|OTS/Development &

Engineering Po",contaactor!s
CIA-RDP96-00787R000400080009-3.txt,CIA-RDP96-00787R000400080009-3,,experiment_results,636,1,00/08/07|13 November 1973,,"-

c. Psychological Testing - A|rigor",USE|OTS|Basic Research Aspect -|GSR|Central Nervous System|AEP|CNV|BAB|CIA|Interview,
CIA-RDP96-00787R000400100001-8.txt,CIA-RDP96-00787R000400100001-8,,experiment_results,1200,2,30 March 1973|29 March 1973|4/03/02|01/03/07,,Gellers|Geller|Psychic|Hugh Crane of SRI|Cox,SRI/Paranormal Trip Report|F|Mssrs Cox|Puthoff|SRI|ORD|Agency|SWANN|Swann|NASA,Release|DC|Miscellaneous
CIA-RDP96-00787R000400100002-7.txt,CIA-RDP96-00787R000400100002-7,,administrative,393,1,01/03/07|27 March 1973,,Uri Geller|Puthoff,"STANFORD RESEARCH INSTITUTE
MENLO PARK|CIA|STANRES|SG1D
Approved For Release|INS|NE|UNS EOE|EAR|SPNES",
CIA-RDP96-00787R000400100003-6.txt,CIA-RDP96-00787R000400100003-6,,correspondence,202,1,2 January 1977|01/03/07,,"Philip Whalen|Barbara J. Ripple
Senior Systems","CIA|STANFORD RESEARCH INSTITUTE
MENLO PARK|SRI|the Office of
Management and Budget|Technology Applications Department",Washington
CIA-RDP96-00787R000400100005-4.txt,CIA-RDP96-00787R000400100005-4,,experiment_results,1110,2,01/03/07,,Russell Targ I|Ingo Swann|Gertrude Schmeidler|Arthur Hobbard|Sine|Art Hebbard|Dr|Martin Lee|katt ss|GlaRMPASO0BTRONLANN 2005-4,CIA|RESEARCH INSTITUTE|SRI|Pantell und Puthoff|City College|the Department of Psychology|Suggested|Dr. Little|Stanford Physics Dept|Varian Physics,MENLO PARK|New York|Wiley|Now York
CIA-RDP96-00787R000400100007-2.txt,CIA-RDP96-00787R000400100007-2,UNCLASSIFIED,experiment_results,266,1,01/03/07,,"Harold Puthoff|Russell Targ|Ingo Swann|Uri Geller|Approved Ff

SG1I|athrtitd",CIA|EEG|ADDRESS|Atty ceve-|PHONE,USA
CIA-RDP96-00787R000400100008-1.txt,CIA-RDP96-00787R000400100008-1,,research_report,237,1,02/11/18,,Colby|Steininger,SG1I|GIA|OST|SG1B|SRI|SGi1I|Colby & Shlesinger|SRI & Swann & Geller|Agency|CIA,
CIA-RDP96-00787R000400100009-0.txt,CIA-RDP96-00787R000400100009-0,,correspondence,385,1,02/11/18,,"Centrel Snteollicencea|Bod|Wee Galler|Lerige|Approved|Joy|Nenorandum

Approved",CIA|Blefisia Neasurerent Preject|Stanford Research Institute|LORIS Of A CUPrent|Stantord Reara rch Tnatitute|ORD|Snvigiona|HONE|Giniler|Rie,Hext yony
CIA-RDP96-00787R000400100010-8.txt,CIA-RDP96-00787R000400100010-8,SECRET,research_report,857,1,15 April 1973|30 June 1973|02/11/18|5 April 1973,"Officer responsible
for monitoring the validation effort","Relegse 2002/41|Ingo Swann|Uri
Geller|Swann|Geller","SPA|ORD|Research and Development

SUBJECT|Stanford Research Institute for Paranormal
Research|the Stanford Research Institute|DD/O/TSD|Agency|TSD|SRI|AVCALLY",TAGE
CIA-RDP96-00787R000400100011-7.txt,CIA-RDP96-00787R000400100011-7,,administrative,829,1,02/11/18,,c. serve|Limited|Mr McMahon|von eK yild,CIA|SRI Paranormal Project|Sponsor|Data Control|SRI|SG1I|LO Approved|NS NN Serene|Release 2002/11/18,Sponsor
CIA-RDP96-00787R000400100012-6.txt,CIA-RDP96-00787R000400100012-6,,research_report,2329,4,,,"Ingo Swann|Swann|Ruth Brod|Judy Skutch|Rita
Livingston|Lucille Kahn|Sandra Ohrstrom|Osis|Edgar Mitchell|John Wingate",INC|ASPR|ESPateacher|OOB|OOBE|Myers|EEG|PorRelbdve|OOPE|eonetan,New York|N.Y.|timc|OE|ASPR|Dallas|Italy
CIA-RDP96-00787R000400100013-5.txt,CIA-RDP96-00787R000400100013-5,,research_report,905,1,01/03/07,,"ke Zé“ vb|C1187|Bad|Renee|Robert P. Gow

|ROBERT P. Gow

President|Avenue|Cali","CIA|SG1I|S0d|SG1I
SGFOIA3

Sci|Koestier’s|DEVELCO",View
CIA-RDP96-00787R000400100014-4.txt,CIA-RDP96-00787R000400100014-4,,experiment_results,12593,25,01/03/07,,"GORDON L. MANGAN

|N. Y.

SOE RE|Richards|Humphrcy|Subjec|li|Santrt|Pepe|Bernreu|Rabi",CIA|FOUNDATION|INC|UN|I.Q.|Intelligence|INSP|Stuart|LSP|BSI,Wellington|New Zealand|West 57th Street|New York|Mental Ability|Humphrey|Unknown|Hlumphrey|Questionnaire|Humphre
CIA-RDP96-00787R000400100015-3.txt,CIA-RDP96-00787R000400100015-3,UNCLASSIFIED,experiment_results,11867,23,01/03/07,,"Sena|Rao|K. R.|Charles C
Thomas|Inq|Jo AnIey|Asoyuowaid|Jo ATuo|AjQueos Apiiessaoou|st syoalqns Sut",CIA|OO SM|LE NN RE SI|SENDER|PLS|SG1I|RAO|Congress|Review and Interpretation|psi,Springfield|Ill.|Verey|Ayjemadsa|NJSuruesM|Aqyiqissod|IM|Jousnof|s8ureq|uewmy
CIA-RDP96-00787R000400100016-2.txt,CIA-RDP96-00787R000400100016-2,,correspondence,374,1,2/43/73|01/03/07,,"Ji

Enclosed|Approved|CL.| ORIGIN|Geller","CIA|l orp|STANFORD RESEARCH INSTITUTE
MENLO PARK|SG1I
SGFOIA3

SGI1I|the Holiday Inn

Geller|GE|FRO|SEC|CONTROL NO|DOC",
CIA-RDP96-00787R000400100017-1.txt,CIA-RDP96-00787R000400100017-1,,experiment_results,1829,3,01/03/07,,Gary|Harold Puthoff|Puthoff|Releagé|Ingo Swann|Gertrude Schmeidler|Karlis Osis|Swann|Targ|Uri Geller,Approves|FS|LJ|CIA|City College|ASPR|Dewar|SQUID|RDT|HAE ONS,New York
CIA-RDP96-00787R000400100018-0.txt,CIA-RDP96-00787R000400100018-0,,research_report,646,1,01/03/07,,N. Y.,Calif. --Stanford Research Institute|Substantiation|CIA|SRI,New York|Menlo Park|the Soviet Union|Czechoslovakia
CIA-RDP96-00787R000400100020-7.txt,CIA-RDP96-00787R000400100020-7,,experiment_results,4993,9,01/03/07,,J. G. The|J. Parapsy-|Rutng|Louisa E. Mind|W. J. Levy|Anita McRar|Duval|Levy|J. B. Rhine|R. L. Morris,"CIA|Comparison of Different Densities|Macmillan, 1970,|Institute for Parapsychology
College Station|Essentially|Mayo|André|McRae|the Institute for Parapsychology|a Harvard Apparatus Co",New York|Durham|N.C.|Montredon|CaCle|PUB|Zuruva|Paris
CIA-RDP96-00787R000400100021-6.txt,CIA-RDP96-00787R000400100021-6,,experiment_results,6789,13,01/03/07,,J. Levy|L. ALLEN Mayo|Eve Anprf|Anita McRar|Levy|Mayo|André|McRae|J. B. Rhine|R. L. Morris,CIA|the Medical College of Georgia|Duke University|the Institute for Parapsychology of the Founda-|Research|ge|The Journal of Parapsychology|McDougall Award|Osis and Foster|the Institute for Parapsychology,Duval|France|Victoria|Australia|Montredon|Rhine|CR|Meriones|psi|i.e
CIA-RDP96-00787R000400100022-5.txt,CIA-RDP96-00787R000400100022-5,,experiment_results,2962,5,01/03/07,,"Bhs|bjecis|a. man’s|han|Edwin|Jacqueline A. Balt
Doe|Edward J. Zagorski|Richard Glassman|James J. O'Donnell|Edgar D. Mitchell","CIA|intel|Publishing, Executive|Conn. 06457|~yaned|XEROX CORPORATION|Bene|Subset

‘|ier|Executive",Xerox|Xarox|Canada|Ohio|Columbus|Kitchener|Ontario|Israel|New York City|America
CIA-RDP96-00787R000400100023-4.txt,CIA-RDP96-00787R000400100023-4,,research_report,2474,4,3/09/10,,donne emicsiias|Jeannette|James Crump Jr.|Meryl Johnson|Uri Geller|telepathy|Charles Anderson|Geller|Russell Targ|Harold Puthoff,"Usdin|monensin sli AM MANS|SEXES|sct|Part-Time Student Claire Jeannette|Jeannette|the University Record|Far|Kelsey
Museum|the Think Tank

Sprawling","Michigan|Menlo
Park|Calif|America|Southeast
Asia|ks|U.S.|Menlo Park|Lawrence|Mantiattan"
CIA-RDP96-00787R000400100024-3.txt,CIA-RDP96-00787R000400100024-3,,correspondence,272,1,01/03/07,,Queried,CIA|Paranormal Research|Agency|TITTLE LAT LLL GTO,
CIA-RDP96-00787R000500020001-6.txt,CIA-RDP96-00787R000500020001-6,,experiment_results,23705,47,02/05/17,,"Harold E. Puthoff|Russell Targ
Electronics|Learner|Frequency Spectra|Hammid|Down|Glass|Hella Hammid|Pat Price|Ingo","Po 7INS|STANFORD RESEARCH INSTITUTE|Stanford Research Institute|CIA|the Electronics and Bioengineering Laboratory|Stanford Research|KE|Unselected

Subjects in Remote Viewing|SIGNAL ENHANCEMENT IN A|Diagonal",Menlo Park|California|the United States|San Andres|Colombia|H.H.|New York City|Palo Alto|Faraday|Costa Rica
CIA-RDP96-00787R000500030001-5.txt,CIA-RDP96-00787R000500030001-5,,research_report,1739,3,00/08/07,,"Scott Hill|Pressman|Gurvich|Dr L.L. Vassiliev|Kachanejev|Czerskis

Approved|Dr. Injuschin|A.G.Gurvich","CIA|Esotera 28:13-16|Topenhagen/|Esoteta|Congress|A.A. Gurvich|Terence Quickended|A.G. Gurvich|the Leningrad
Brain Research Institute|Institute",the Soviet Union|A.G.|Russia|Germany|Gurvich|Found|the Soviet Unions
CIA-RDP96-00787R000500030002-4.txt,CIA-RDP96-00787R000500030002-4,,experiment_results,1590,3,00/08/07,,Scott Hill|Bawins|Adey|Alma Ata|Grow Better|Plog|Esotera|Dr J.|Prof Inyushin|Dr Wilhelm Schelderup,CIA|Esotera 28:107-110|Esotera|Tzerski|Fact|Kazachstan|IR|Lemperature|Messerschmidt-Boelkow-Blohm|the Cybernetics Division,"USSR|Found|the Soviet Union|West Germany|Canada|Hungary|the
Soviet Union|Warsaw|Biophysical"
CIA-RDP96-00787R000500030003-3.txt,CIA-RDP96-00787R000500030003-3,,other,2268,4,00/08/07,,Scott Hill|Esotera|Gurvich|Rodionov|Frank|Seffert|V. Schjelderup|Dr Fritz A. Popp|Bild der Wissenschaft|Jonathan Swift,"CIA|Esotera 28:204-208|Copenhagen/

Alma-Ata|Esotera|the Congress on Frontier
Sciences|Kasnachejev|Gurvich-
Kasnachejev|Fects|Ten Million Cells Per Second

The|Marburg University",USSR|Australia|Hungary|Gurvich|UV|Kazakhstan|Chois
CIA-RDP96-00787R000500030004-2.txt,CIA-RDP96-00787R000500030004-2,,experiment_results,2447,4,00/08/07,,Scott Hill|Khruschev|Lenin|Leonid L. Wassiliev|Grieschenko|Dr F. Popp|mitochondria|L.A. Pirozyan|Plasma|Dr V.N. Tarusov,"CIA|Esotera 28:300-301,|Topenhagen/|Congress|Alma-Ata|Esotera|Institute of Parapsychology|Marxism-Leninism|Leningrad Brain Research Institute|the Human Psyche","Kazakh Soviet Republic|USSR|Field|Soviet Union|the Soviet Union|India|Moscow|Kazakhstan|the
Soviet Union|Gurvich"
CIA-RDP96-00787R000500030005-1.txt,CIA-RDP96-00787R000500030005-1,,research_report,1931,3,00/08/07|5 May 1977,,Scott Hill: Healing|Scott Hill|Prof Botkin|J.R. Tarkhanov|Fakir|Dr A.S. Romen|Dr Romen|Dr Schultz|Swami Rama|Anton Mesmer,"CIA|Far-Eastern|ESOTERA|the Parapsychology Conference in Alma-Ata|Johannes
Schultz|yuga mean union|tton|KLINICHESKAYA GAZETA|Slow|Menschen","Germany|the Soviet Union|Acceleration|USSR|India|the United
States"
CIA-RDP96-00787R000500030006-0.txt,CIA-RDP96-00787R000500030006-0,,research_report,2362,4,00/08/07,,Scott Hill|V.P. Zinchenko|A.N. Leontiyev|B.F. Lomov|Leontiyev|Zinchenko|Parapsychologie|S. Ostrander|L. Schroeder|Ostrander,"CIA|Fabrication|the Western World|ESOTERA|the Russian Society of Psychologists|Prof
A.R. Luriya|Luriya|Leontiyev|Vygotskiy|the Univerity of Moscow",the Soviet Union|Moscow|New York|Zinchenko|Heidelberg|cryptesthesia|Leningrad
CIA-RDP96-00787R000500040001-4.txt,CIA-RDP96-00787R000500040001-4,,experiment_results,1152,2,00/08/07,,Séndor Andrej|thanaicertivon la odaskonedeeedeunhaecheantoenten|denna|Ranked|Approved|b/ Cosrse|Adam,"CIA|FROM ‘UE fPoInT OF VIEW OF|Dipl|The Czechoslovak Metrological Institute|CZECHOSLOVAKIA

Preface

Measuring|Characteristics",Release|Rosenheim|snong
CIA-RDP96-00787R000500050001-3.txt,CIA-RDP96-00787R000500050001-3,,research_report,7296,14,00/08/07,,"K. Khudenskiy|Wind|Greeks|I. P.
Kotlyarevskiy|A. V. Rudanskiy|K. V. Khudenskiy|I. P. Kotlyarevskiy's|Aeneid|Schliemann|John Chedwick","SGI1A
Approved For|CIA|OB ETNICHESKOM BESSMERTII|Candidate of Physics|Mathematical
Sciences Yu.|Mathematicad Sciénces|Aeneas|Cossack|Troy|Crete",South Africa|ZZ|Troy|Mycenae|Chedwick|of?Eurasia|B.C.|Ugro|Hungary|Crimea
CIA-RDP96-00787R000500060001-2.txt,CIA-RDP96-00787R000500060001-2,,experiment_results,37405,74,02/05/17,,"George Pezdirtz
|Astronaut Edgar 0|P.O. Box 2015|Harold E. Putoff|CA|Russell Targ|H. E. Putoff|C. Wortz|A. S. Bauer|R. F. Blackwelder","CIA|Electro/7/ Professional Program

|Stanford Research Institute|FL|Russell
Targ|Investigation of Soviet PsychicalResearch|AiResearch Manufacturing Company|Torrance|CA|University of California",New York|Menlo Park|Washington|D.C.|Sc|Palm Beach|Mento Park|California|num.|America
CIA-RDP96-00787R000500070001-1.txt,CIA-RDP96-00787R000500070001-1,,experiment_results,12195,24,00/08/07,,"Energy Transfer|ROBERT G. JAHN'S1

|Carol Kay Curry|Carol|Robert G. Jahn|Oey|FS 7ROOUSHOOPOO|Harold Puthoff|Greeks|Aristotle",CIA|PAW Special Report|Princeton|the Wilson School Auditorium|Dean of the Engineering School|S10|Stanford|SRI Intemational|Farnum|Carol,"Pasco|Washington|OW|psycho-
Kinesis|Us|j.e.|Lascaux|Altamira|B.C.|London"
CIA-RDP96-00787R000500070002-0.txt,CIA-RDP96-00787R000500070002-0,,experiment_results,3508,7,00/08/07,,"Harold E. Puthoff
Russell Targ
Edwin C.|e-.
|e.++|Blind|L. Vasiliev|I. Kogan|Garrett Airesearch|Aetien Output|Remote Viewing|PSYCHOPHYSICS",Radio Physics Laboratory|FTA DIAC|CIA|Determine|SRI|LJ|Analysis|Role of Feedback in Remote Viewing|Repetition Rate|ELF Experiments,Menlo Park|California|Consciousness|Motion|the Soviet Union|Czechoslovakia|the Soviet Academy of Sciences|Radioactive Decay|Jamming|UK
CIA-RDP96-00787R000500070003-9.txt,CIA-RDP96-00787R000500070003-9,,correspondence,186,1,00/08/07,,Jad Roner|Bvéd,CIA|PLL,OE
CIA-RDP96-00787R000500070004-8.txt,CIA-RDP96-00787R000500070004-8,,experiment_results,7789,15,00/08/07,,"Single Error|Targ|Puthoff|G. Feinberg|E. Rauscher|John
Hasted|Hasted|R. H. Haitz|Josephson|behavioristically","CIA|noisy information|LOND|O10|CIA-RDP9|Costa de Beauregard|Trans-Temporal Inhibition|Mechanisms
a. Theoretical Studies|ELF|Columbia University",USSR|Mountain|View|California|Kamiya|Lindsley|Pribram|Vol|pp|New York
CIA-RDP96-00787R000500080001-0.txt,CIA-RDP96-00787R000500080001-0,SECRET,experiment_results,32230,64,00/08/07,,"P.R. CHEKEROV

TRANSLATED|Scott Hill|-0|monoeiroma tte|aser|Iam|DK-|Cc|Nedteal|A.G. Gurvich","V.M.|T.D. Ghoshal

Copyright|the Kazakh State University|Alma-Ata|the Danish Society|Psychical Research|Denmark

Best Copy Available|CIA|USIB|Release",USSR|ttton|IA|extraterrestria|Jand|UV|Gurvich|Sedlatchko|Inyusnin|Vol
CIA-RDP96-00787R000500090001-9.txt,CIA-RDP96-00787R000500090001-9,UNCLASSIFIED,other,1033,2,00/08/07,,"Fepwsea|S. T. Kirlian|V. I. Mikhalevskii|V. M. Inyushin|Laurie K. Spee
p.",Medical Sciences Professor|the Kuban Medical Institute|CIA|Candidate of Medical Sciences K. N. Mikhalevskaya|CI -00787R000500090001-9|the Kazakh State University|Alma-Ata|Release SAN sd1d,¥|Bioplasma
CIA-RDP96-00787R000500090002-8.txt,CIA-RDP96-00787R000500090002-8,,experiment_results,4034,8,00/08/07,,Sore Hedasooos0002-8|Adamenko|Viktor Inyushin|David Sheinkin|Thelma Moss|D. Dean|Moss|Stanley Krippner|V. Adamenko|Se PS,"ac|LUMINESCENCE PHANTOMS
L. Vilenskaya

|Krasnodar Mechanic|RSFSR|Valentina
Khrisanfovna Kirlian|RF|Release 2000|BREE|NASA|biological sciences",Moscow|Bulgaria|Romania|Reputlic|Czechoslovakia|Brazil|Federal Republic|Germany|England|USA
CIA-RDP96-00787R000500090003-7.txt,CIA-RDP96-00787R000500090003-7,UNCLASSIFIED,research_report,349,1,00/08/07,,,"CIA|Scientific Associate of the Scientific Health and Research Institute|Academy of Medical Sciences of the USSR|Victor
Ademenko|Krasnodar with Semen Davidovich|Valentina
Khrisanfovna Kirlian|Fig",
CIA-RDP96-00787R000500090004-6.txt,CIA-RDP96-00787R000500090004-6,,remote_viewing,2838,5,00/08/07,,"BIOLOGICAL ELECTRODYNAMICS|RV|Ohm|Luigi Galvani|Coulomb|Geiger|V. Vontorevich|BRIA LAD


--- Page","Congress of Psychotronic Research|PSYCHOENERGETICS
Viktor G. Adamenko|Introduction
Living|Release 2000/08/Pi|CIA|UNC|KARI 80787R000500090004-6|Release NG|SS|NSB",Prague|Moscow|U.S.S.R.|y~-field
CIA-RDP96-00787R000500090005-5.txt,CIA-RDP96-00787R000500090005-5,UNCLASSIFIED,experiment_results,947,1,00/08/07,,Valerii A. Doktorovich|Viktor G. Adamenko|Semen D. Kirlian|Simferopol|S. D. Kirlian|V. Kh|V. G. Adamenko,Congress of Psychotronic Reasearch|THE LUMINESCENCE PATTERN|CIA|Release|Journal of Scientific|Vol 6|GlA,Prague|U.S.S.R.|Photography|Kinematography
CIA-RDP96-00787R000500090006-4.txt,CIA-RDP96-00787R000500090006-4,,experiment_results,1540,3,00/08/07,,R. L. Vilenskaya|A. Z. Smolyanskaya|G. Adamenko|z. P. Bulvasheva|E. A. Gel'vich|M. B. Golant|nonirr|mm|Kohijaman Nomura|M. V. Golant,"FRAWSE|Release|Electronic Engineering|Academy of Medical|DUSSOR and Scientific Research Institute|the Electronic Industry|the Academy of Medical Sciences of DUSSOR|Bulletin of Experimental Biology|ps 52, 1972|Release cee AANC",M.M.|Martin|Minsk|Moscow
CIA-RDP96-00787R000500090007-3.txt,CIA-RDP96-00787R000500090007-3,,experiment_results,2626,5,00/08/07,,A. Rafailyan|S. Kirlian|micron|Kirlian|A. Kirvorotov|Kirvorotov|TEES|Uchida|Yamada|Ry,"the Krasnodar Hospital|CIA|RF|Release|Nace|Krasnodar|SESAINUHISS -00787R000500090007-3

D'Arsondalization|Leningrad University|TM|WAY",pp|Georgia|Tbilisi|Japan|Yamada|China|Democratic Republic
